This is pdfTeX, Version 3.141592653-2.6-1.40.27 (MiKTeX 25.2) (preloaded format=pdflatex 2025.3.9)  29 MAY 2025 22:32
entering extended mode
 restricted \write18 enabled.
 file:line:error style messages enabled.
 %&-line parsing enabled.
**c:/Users/tgave/IdeaProjects/CN2425TF/Report/template.tex
(c:/Users/tgave/IdeaProjects/CN2425TF/Report/template.tex
LaTeX2e <2024-11-01> patch level 2
L3 programming layer <2025-01-18>
(reportisel.cls
Document Class: reportisel 2012/10/09 ISEL thesis template
(C:\Users\tgave\AppData\Local\Programs\MiKTeX\tex/latex/base\book.cls
Document Class: book 2024/06/29 v1.4n Standard LaTeX document class
(C:\Users\tgave\AppData\Local\Programs\MiKTeX\tex/latex/base\bk10.clo
File: bk10.clo 2024/06/29 v1.4n Standard LaTeX file (size option)
)
\c@part=\count196
\c@chapter=\count197
\c@section=\count198
\c@subsection=\count199
\c@subsubsection=\count266
\c@paragraph=\count267
\c@subparagraph=\count268
\c@figure=\count269
\c@table=\count270
\abovecaptionskip=\skip49
\belowcaptionskip=\skip50
\bibindent=\dimen141
) (C:\Users\tgave\AppData\Local\Programs\MiKTeX\tex/latex/hyperref\hyperref.sty
Package: hyperref 2024-11-05 v7.01l Hypertext links for LaTeX
 (C:\Users\tgave\AppData\Local\Programs\MiKTeX\tex/generic/iftex\iftex.sty
Package: iftex 2024/12/12 v1.0g TeX engine tests
) (C:\Users\tgave\AppData\Local\Programs\MiKTeX\tex/latex/graphics\keyval.sty
Package: keyval 2022/05/29 v1.15 key=value parser (DPC)
\KV@toks@=\toks17
) (C:\Users\tgave\AppData\Local\Programs\MiKTeX\tex/latex/kvsetkeys\kvsetkeys.sty
Package: kvsetkeys 2022-10-05 v1.19 Key value parser (HO)
) (C:\Users\tgave\AppData\Local\Programs\MiKTeX\tex/generic/kvdefinekeys\kvdefinekeys.sty
Package: kvdefinekeys 2019-12-19 v1.6 Define keys (HO)
) (C:\Users\tgave\AppData\Local\Programs\MiKTeX\tex/generic/pdfescape\pdfescape.sty
Package: pdfescape 2019/12/09 v1.15 Implements pdfTeX's escape features (HO)
 (C:\Users\tgave\AppData\Local\Programs\MiKTeX\tex/generic/ltxcmds\ltxcmds.sty
Package: ltxcmds 2023-12-04 v1.26 LaTeX kernel commands for general use (HO)
) (C:\Users\tgave\AppData\Local\Programs\MiKTeX\tex/generic/pdftexcmds\pdftexcmds.sty
Package: pdftexcmds 2020-06-27 v0.33 Utility functions of pdfTeX for LuaTeX (HO)
 (C:\Users\tgave\AppData\Local\Programs\MiKTeX\tex/generic/infwarerr\infwarerr.sty
Package: infwarerr 2019/12/03 v1.5 Providing info/warning/error messages (HO)
)
Package pdftexcmds Info: \pdf@primitive is available.
Package pdftexcmds Info: \pdf@ifprimitive is available.
Package pdftexcmds Info: \pdfdraftmode found.
)) (C:\Users\tgave\AppData\Local\Programs\MiKTeX\tex/latex/hycolor\hycolor.sty
Package: hycolor 2020-01-27 v1.10 Color options for hyperref/bookmark (HO)
) (C:\Users\tgave\AppData\Local\Programs\MiKTeX\tex/latex/hyperref\nameref.sty
Package: nameref 2023-11-26 v2.56 Cross-referencing by name of section
 (C:\Users\tgave\AppData\Local\Programs\MiKTeX\tex/latex/refcount\refcount.sty
Package: refcount 2019/12/15 v3.6 Data extraction from label references (HO)
) (C:\Users\tgave\AppData\Local\Programs\MiKTeX\tex/generic/gettitlestring\gettitlestring.sty
Package: gettitlestring 2019/12/15 v1.6 Cleanup title references (HO)
 (C:\Users\tgave\AppData\Local\Programs\MiKTeX\tex/latex/kvoptions\kvoptions.sty
Package: kvoptions 2022-06-15 v3.15 Key value format for package options (HO)
))
\c@section@level=\count271
) (C:\Users\tgave\AppData\Local\Programs\MiKTeX\tex/latex/etoolbox\etoolbox.sty
Package: etoolbox 2025/02/11 v2.5l e-TeX tools for LaTeX (JAW)
\etb@tempcnta=\count272
) (C:\Users\tgave\AppData\Local\Programs\MiKTeX\tex/generic/stringenc\stringenc.sty
Package: stringenc 2019/11/29 v1.12 Convert strings between diff. encodings (HO)
)
\@linkdim=\dimen142
\Hy@linkcounter=\count273
\Hy@pagecounter=\count274
 (C:\Users\tgave\AppData\Local\Programs\MiKTeX\tex/latex/hyperref\pd1enc.def
File: pd1enc.def 2024-11-05 v7.01l Hyperref: PDFDocEncoding definition (HO)
Now handling font encoding PD1 ...
... no UTF-8 mapping file for font encoding PD1
) (C:\Users\tgave\AppData\Local\Programs\MiKTeX\tex/generic/intcalc\intcalc.sty
Package: intcalc 2019/12/15 v1.3 Expandable calculations with integers (HO)
)
\Hy@SavedSpaceFactor=\count275
 (C:\Users\tgave\AppData\Local\Programs\MiKTeX\tex/latex/hyperref\puenc.def
File: puenc.def 2024-11-05 v7.01l Hyperref: PDF Unicode definition (HO)
Now handling font encoding PU ...
... no UTF-8 mapping file for font encoding PU
)
Package hyperref Info: Option `breaklinks' set `true' on input line 4040.
Package hyperref Info: Option `colorlinks' set `true' on input line 4040.
Package hyperref Info: Option `pdfdisplaydoctitle' set `true' on input line 4040.
Package hyperref Info: Hyper figures OFF on input line 4157.
Package hyperref Info: Link nesting OFF on input line 4162.
Package hyperref Info: Hyper index ON on input line 4165.
Package hyperref Info: Plain pages OFF on input line 4172.
Package hyperref Info: Backreferencing OFF on input line 4177.
Package hyperref Info: Implicit mode ON; LaTeX internals redefined.
Package hyperref Info: Bookmarks ON on input line 4424.
\c@Hy@tempcnt=\count276
 (C:\Users\tgave\AppData\Local\Programs\MiKTeX\tex/latex/url\url.sty
\Urlmuskip=\muskip17
Package: url 2013/09/16  ver 3.4  Verb mode for urls, etc.
)
LaTeX Info: Redefining \url on input line 4763.
\XeTeXLinkMargin=\dimen143
 (C:\Users\tgave\AppData\Local\Programs\MiKTeX\tex/generic/bitset\bitset.sty
Package: bitset 2019/12/09 v1.3 Handle bit-vector datatype (HO)
 (C:\Users\tgave\AppData\Local\Programs\MiKTeX\tex/generic/bigintcalc\bigintcalc.sty
Package: bigintcalc 2019/12/15 v1.5 Expandable calculations on big integers (HO)
))
\Fld@menulength=\count277
\Field@Width=\dimen144
\Fld@charsize=\dimen145
Package hyperref Info: Hyper figures OFF on input line 6042.
Package hyperref Info: Link nesting OFF on input line 6047.
Package hyperref Info: Hyper index ON on input line 6050.
Package hyperref Info: backreferencing OFF on input line 6057.
Package hyperref Info: Link coloring ON on input line 6060.
Package hyperref Info: Link coloring with OCG OFF on input line 6067.
Package hyperref Info: PDF/A mode OFF on input line 6072.
 (C:\Users\tgave\AppData\Local\Programs\MiKTeX\tex/latex/base\atbegshi-ltx.sty
Package: atbegshi-ltx 2021/01/10 v1.0c Emulation of the original atbegshi
package with kernel methods
)
\Hy@abspage=\count278
\c@Item=\count279
\c@Hfootnote=\count280
)
Package hyperref Info: Driver (autodetected): hpdftex.
 (C:\Users\tgave\AppData\Local\Programs\MiKTeX\tex/latex/hyperref\hpdftex.def
File: hpdftex.def 2024-11-05 v7.01l Hyperref driver for pdfTeX
 (C:\Users\tgave\AppData\Local\Programs\MiKTeX\tex/latex/base\atveryend-ltx.sty
Package: atveryend-ltx 2020/08/19 v1.0a Emulation of the original atveryend package
with kernel methods
)
\Fld@listcount=\count281
\c@bookmark@seq@number=\count282
 (C:\Users\tgave\AppData\Local\Programs\MiKTeX\tex/latex/rerunfilecheck\rerunfilecheck.sty
Package: rerunfilecheck 2022-07-10 v1.10 Rerun checks for auxiliary files (HO)
 (C:\Users\tgave\AppData\Local\Programs\MiKTeX\tex/generic/uniquecounter\uniquecounter.sty
Package: uniquecounter 2019/12/15 v1.4 Provide unlimited unique counter (HO)
)
Package uniquecounter Info: New unique counter `rerunfilecheck' on input line 285.
)
\Hy@SectionHShift=\skip51
) (C:\Users\tgave\AppData\Local\Programs\MiKTeX\tex/latex/geometry\geometry.sty
Package: geometry 2020/01/02 v5.9 Page Geometry
 (C:\Users\tgave\AppData\Local\Programs\MiKTeX\tex/generic/iftex\ifvtex.sty
Package: ifvtex 2019/10/25 v1.7 ifvtex legacy package. Use iftex instead.
)
\Gm@cnth=\count283
\Gm@cntv=\count284
\c@Gm@tempcnt=\count285
\Gm@bindingoffset=\dimen146
\Gm@wd@mp=\dimen147
\Gm@odd@mp=\dimen148
\Gm@even@mp=\dimen149
\Gm@layoutwidth=\dimen150
\Gm@layoutheight=\dimen151
\Gm@layouthoffset=\dimen152
\Gm@layoutvoffset=\dimen153
\Gm@dimlist=\toks18
 (C:\Users\tgave\AppData\Local\Programs\MiKTeX\tex/latex/geometry\geometry.cfg)) (C:\Users\tgave\AppData\Local\Programs\MiKTeX\tex/latex/base\inputenc.sty
Package: inputenc 2024/02/08 v1.3d Input encoding file
\inpenc@prehook=\toks19
\inpenc@posthook=\toks20
) (C:\Users\tgave\AppData\Local\Programs\MiKTeX\tex/latex/base\fontenc.sty
Package: fontenc 2021/04/29 v2.0v Standard LaTeX package
) (C:\Users\tgave\AppData\Local\Programs\MiKTeX\tex/latex/txfonts\txfonts.sty
Package: txfonts 2008/01/22 v3.2.1
LaTeX Font Info:    Redeclaring symbol font `operators' on input line 21.
LaTeX Font Info:    Overwriting symbol font `operators' in version `normal'
(Font)                  OT1/cmr/m/n --> OT1/txr/m/n on input line 21.
LaTeX Font Info:    Overwriting symbol font `operators' in version `bold'
(Font)                  OT1/cmr/bx/n --> OT1/txr/m/n on input line 21.
LaTeX Font Info:    Overwriting symbol font `operators' in version `bold'
(Font)                  OT1/txr/m/n --> OT1/txr/bx/n on input line 22.
\symitalic=\mathgroup4
LaTeX Font Info:    Overwriting symbol font `italic' in version `bold'
(Font)                  OT1/txr/m/it --> OT1/txr/bx/it on input line 26.
LaTeX Font Info:    Redeclaring math alphabet \mathbf on input line 29.
LaTeX Font Info:    Overwriting math alphabet `\mathbf' in version `normal'
(Font)                  OT1/cmr/bx/n --> OT1/txr/bx/n on input line 29.
LaTeX Font Info:    Overwriting math alphabet `\mathbf' in version `bold'
(Font)                  OT1/cmr/bx/n --> OT1/txr/bx/n on input line 29.
LaTeX Font Info:    Redeclaring math alphabet \mathit on input line 30.
LaTeX Font Info:    Overwriting math alphabet `\mathit' in version `normal'
(Font)                  OT1/cmr/m/it --> OT1/txr/m/it on input line 30.
LaTeX Font Info:    Overwriting math alphabet `\mathit' in version `bold'
(Font)                  OT1/cmr/bx/it --> OT1/txr/m/it on input line 30.
LaTeX Font Info:    Overwriting math alphabet `\mathit' in version `bold'
(Font)                  OT1/txr/m/it --> OT1/txr/bx/it on input line 31.
LaTeX Font Info:    Redeclaring math alphabet \mathsf on input line 40.
LaTeX Font Info:    Overwriting math alphabet `\mathsf' in version `normal'
(Font)                  OT1/cmss/m/n --> OT1/txss/m/n on input line 40.
LaTeX Font Info:    Overwriting math alphabet `\mathsf' in version `bold'
(Font)                  OT1/cmss/bx/n --> OT1/txss/m/n on input line 40.
LaTeX Font Info:    Overwriting math alphabet `\mathsf' in version `bold'
(Font)                  OT1/txss/m/n --> OT1/txss/b/n on input line 41.
LaTeX Font Info:    Redeclaring math alphabet \mathtt on input line 50.
LaTeX Font Info:    Overwriting math alphabet `\mathtt' in version `normal'
(Font)                  OT1/cmtt/m/n --> OT1/txtt/m/n on input line 50.
LaTeX Font Info:    Overwriting math alphabet `\mathtt' in version `bold'
(Font)                  OT1/cmtt/m/n --> OT1/txtt/m/n on input line 50.
LaTeX Font Info:    Overwriting math alphabet `\mathtt' in version `bold'
(Font)                  OT1/txtt/m/n --> OT1/txtt/b/n on input line 51.
LaTeX Font Info:    Redeclaring symbol font `letters' on input line 58.
LaTeX Font Info:    Overwriting symbol font `letters' in version `normal'
(Font)                  OML/cmm/m/it --> OML/txmi/m/it on input line 58.
LaTeX Font Info:    Overwriting symbol font `letters' in version `bold'
(Font)                  OML/cmm/b/it --> OML/txmi/m/it on input line 58.
LaTeX Font Info:    Overwriting symbol font `letters' in version `bold'
(Font)                  OML/txmi/m/it --> OML/txmi/bx/it on input line 59.
\symlettersA=\mathgroup5
LaTeX Font Info:    Overwriting symbol font `lettersA' in version `bold'
(Font)                  U/txmia/m/it --> U/txmia/bx/it on input line 67.
LaTeX Font Info:    Redeclaring symbol font `symbols' on input line 77.
LaTeX Font Info:    Overwriting symbol font `symbols' in version `normal'
(Font)                  OMS/cmsy/m/n --> OMS/txsy/m/n on input line 77.
LaTeX Font Info:    Overwriting symbol font `symbols' in version `bold'
(Font)                  OMS/cmsy/b/n --> OMS/txsy/m/n on input line 77.
LaTeX Font Info:    Overwriting symbol font `symbols' in version `bold'
(Font)                  OMS/txsy/m/n --> OMS/txsy/bx/n on input line 78.
\symAMSa=\mathgroup6
LaTeX Font Info:    Overwriting symbol font `AMSa' in version `bold'
(Font)                  U/txsya/m/n --> U/txsya/bx/n on input line 94.
\symAMSb=\mathgroup7
LaTeX Font Info:    Overwriting symbol font `AMSb' in version `bold'
(Font)                  U/txsyb/m/n --> U/txsyb/bx/n on input line 103.
\symsymbolsC=\mathgroup8
LaTeX Font Info:    Overwriting symbol font `symbolsC' in version `bold'
(Font)                  U/txsyc/m/n --> U/txsyc/bx/n on input line 113.
LaTeX Font Info:    Redeclaring symbol font `largesymbols' on input line 120.
LaTeX Font Info:    Overwriting symbol font `largesymbols' in version `normal'
(Font)                  OMX/cmex/m/n --> OMX/txex/m/n on input line 120.
LaTeX Font Info:    Overwriting symbol font `largesymbols' in version `bold'
(Font)                  OMX/cmex/m/n --> OMX/txex/m/n on input line 120.
LaTeX Font Info:    Overwriting symbol font `largesymbols' in version `bold'
(Font)                  OMX/txex/m/n --> OMX/txex/bx/n on input line 121.
\symlargesymbolsA=\mathgroup9
LaTeX Font Info:    Overwriting symbol font `largesymbolsA' in version `bold'
(Font)                  U/txexa/m/n --> U/txexa/bx/n on input line 129.
LaTeX Font Info:    Redeclaring math symbol \mathsterling on input line 164.
LaTeX Font Info:    Redeclaring math symbol \hbar on input line 591.
LaTeX Info: Redefining \not on input line 1043.
) (C:\Users\tgave\AppData\Local\Programs\MiKTeX\tex/latex/amsmath\amsmath.sty
Package: amsmath 2024/11/05 v2.17t AMS math features
\@mathmargin=\skip52

For additional information on amsmath, use the `?' option.
(C:\Users\tgave\AppData\Local\Programs\MiKTeX\tex/latex/amsmath\amstext.sty
Package: amstext 2021/08/26 v2.01 AMS text
 (C:\Users\tgave\AppData\Local\Programs\MiKTeX\tex/latex/amsmath\amsgen.sty
File: amsgen.sty 1999/11/30 v2.0 generic functions
\@emptytoks=\toks21
\ex@=\dimen154
)) (C:\Users\tgave\AppData\Local\Programs\MiKTeX\tex/latex/amsmath\amsbsy.sty
Package: amsbsy 1999/11/29 v1.2d Bold Symbols
\pmbraise@=\dimen155
) (C:\Users\tgave\AppData\Local\Programs\MiKTeX\tex/latex/amsmath\amsopn.sty
Package: amsopn 2022/04/08 v2.04 operator names
)
\inf@bad=\count286
LaTeX Info: Redefining \frac on input line 233.
\uproot@=\count287
\leftroot@=\count288
LaTeX Info: Redefining \overline on input line 398.
LaTeX Info: Redefining \colon on input line 409.
\classnum@=\count289
\DOTSCASE@=\count290
LaTeX Info: Redefining \ldots on input line 495.
LaTeX Info: Redefining \dots on input line 498.
LaTeX Info: Redefining \cdots on input line 619.
\Mathstrutbox@=\box52
\strutbox@=\box53
LaTeX Info: Redefining \big on input line 721.
LaTeX Info: Redefining \Big on input line 722.
LaTeX Info: Redefining \bigg on input line 723.
LaTeX Info: Redefining \Bigg on input line 724.
\big@size=\dimen156
LaTeX Font Info:    Redeclaring font encoding OML on input line 742.
LaTeX Font Info:    Redeclaring font encoding OMS on input line 743.
\macc@depth=\count291
LaTeX Info: Redefining \bmod on input line 904.
LaTeX Info: Redefining \pmod on input line 909.
LaTeX Info: Redefining \smash on input line 939.
LaTeX Info: Redefining \relbar on input line 969.
LaTeX Info: Redefining \Relbar on input line 970.
\c@MaxMatrixCols=\count292
\dotsspace@=\muskip18
\c@parentequation=\count293
\dspbrk@lvl=\count294
\tag@help=\toks22
\row@=\count295
\column@=\count296
\maxfields@=\count297
\andhelp@=\toks23
\eqnshift@=\dimen157
\alignsep@=\dimen158
\tagshift@=\dimen159
\tagwidth@=\dimen160
\totwidth@=\dimen161
\lineht@=\dimen162
\@envbody=\toks24
\multlinegap=\skip53
\multlinetaggap=\skip54
\mathdisplay@stack=\toks25
LaTeX Info: Redefining \[ on input line 2953.
LaTeX Info: Redefining \] on input line 2954.
) (C:\Users\tgave\AppData\Local\Programs\MiKTeX\tex/latex/amsfonts\amssymb.sty
Package: amssymb 2013/01/14 v3.01 AMS font symbols
 (C:\Users\tgave\AppData\Local\Programs\MiKTeX\tex/latex/amsfonts\amsfonts.sty
Package: amsfonts 2013/01/14 v3.01 Basic AMSFonts support
LaTeX Font Info:    Redeclaring symbol font `AMSa' on input line 59.
LaTeX Font Info:    Overwriting symbol font `AMSa' in version `normal'
(Font)                  U/txsya/m/n --> U/msa/m/n on input line 59.
LaTeX Font Info:    Overwriting symbol font `AMSa' in version `bold'
(Font)                  U/txsya/bx/n --> U/msa/m/n on input line 59.
LaTeX Font Info:    Redeclaring symbol font `AMSb' on input line 60.
LaTeX Font Info:    Overwriting symbol font `AMSb' in version `normal'
(Font)                  U/txsyb/m/n --> U/msb/m/n on input line 60.
LaTeX Font Info:    Overwriting symbol font `AMSb' in version `bold'
(Font)                  U/txsyb/bx/n --> U/msb/m/n on input line 60.
LaTeX Font Info:    Redeclaring math delimiter \ulcorner on input line 74.
LaTeX Font Info:    Redeclaring math delimiter \urcorner on input line 75.
LaTeX Font Info:    Redeclaring math delimiter \llcorner on input line 76.
LaTeX Font Info:    Redeclaring math delimiter \lrcorner on input line 77.
LaTeX Font Info:    Redeclaring math symbol \square on input line 141.
LaTeX Font Info:    Redeclaring math symbol \lozenge on input line 142.
)
LaTeX Font Info:    Redeclaring math symbol \boxdot on input line 44.
LaTeX Font Info:    Redeclaring math symbol \boxplus on input line 45.
LaTeX Font Info:    Redeclaring math symbol \boxtimes on input line 46.
LaTeX Font Info:    Redeclaring math symbol \blacksquare on input line 48.
LaTeX Font Info:    Redeclaring math symbol \centerdot on input line 49.
LaTeX Font Info:    Redeclaring math symbol \blacklozenge on input line 51.
LaTeX Font Info:    Redeclaring math symbol \circlearrowright on input line 52.
LaTeX Font Info:    Redeclaring math symbol \circlearrowleft on input line 53.
LaTeX Font Info:    Redeclaring math symbol \leftrightharpoons on input line 56.
LaTeX Font Info:    Redeclaring math symbol \boxminus on input line 57.
LaTeX Font Info:    Redeclaring math symbol \Vdash on input line 58.
LaTeX Font Info:    Redeclaring math symbol \Vvdash on input line 59.
LaTeX Font Info:    Redeclaring math symbol \vDash on input line 60.
LaTeX Font Info:    Redeclaring math symbol \twoheadrightarrow on input line 61.
LaTeX Font Info:    Redeclaring math symbol \twoheadleftarrow on input line 62.
LaTeX Font Info:    Redeclaring math symbol \leftleftarrows on input line 63.
LaTeX Font Info:    Redeclaring math symbol \rightrightarrows on input line 64.
LaTeX Font Info:    Redeclaring math symbol \upuparrows on input line 65.
LaTeX Font Info:    Redeclaring math symbol \downdownarrows on input line 66.
LaTeX Font Info:    Redeclaring math symbol \upharpoonright on input line 67.
LaTeX Font Info:    Redeclaring math symbol \downharpoonright on input line 69.
LaTeX Font Info:    Redeclaring math symbol \upharpoonleft on input line 70.
LaTeX Font Info:    Redeclaring math symbol \downharpoonleft on input line 71.
LaTeX Font Info:    Redeclaring math symbol \rightarrowtail on input line 72.
LaTeX Font Info:    Redeclaring math symbol \leftarrowtail on input line 73.
LaTeX Font Info:    Redeclaring math symbol \leftrightarrows on input line 74.
LaTeX Font Info:    Redeclaring math symbol \rightleftarrows on input line 75.
LaTeX Font Info:    Redeclaring math symbol \Lsh on input line 76.
LaTeX Font Info:    Redeclaring math symbol \Rsh on input line 77.
LaTeX Font Info:    Redeclaring math symbol \leftrightsquigarrow on input line 79.
LaTeX Font Info:    Redeclaring math symbol \looparrowleft on input line 80.
LaTeX Font Info:    Redeclaring math symbol \looparrowright on input line 81.
LaTeX Font Info:    Redeclaring math symbol \circeq on input line 82.
LaTeX Font Info:    Redeclaring math symbol \succsim on input line 83.
LaTeX Font Info:    Redeclaring math symbol \gtrsim on input line 84.
LaTeX Font Info:    Redeclaring math symbol \gtrapprox on input line 85.
LaTeX Font Info:    Redeclaring math symbol \multimap on input line 86.
LaTeX Font Info:    Redeclaring math symbol \therefore on input line 87.
LaTeX Font Info:    Redeclaring math symbol \because on input line 88.
LaTeX Font Info:    Redeclaring math symbol \doteqdot on input line 89.
LaTeX Font Info:    Redeclaring math symbol \triangleq on input line 91.
LaTeX Font Info:    Redeclaring math symbol \precsim on input line 92.
LaTeX Font Info:    Redeclaring math symbol \lesssim on input line 93.
LaTeX Font Info:    Redeclaring math symbol \lessapprox on input line 94.
LaTeX Font Info:    Redeclaring math symbol \eqslantless on input line 95.
LaTeX Font Info:    Redeclaring math symbol \eqslantgtr on input line 96.
LaTeX Font Info:    Redeclaring math symbol \curlyeqprec on input line 97.
LaTeX Font Info:    Redeclaring math symbol \curlyeqsucc on input line 98.
LaTeX Font Info:    Redeclaring math symbol \preccurlyeq on input line 99.
LaTeX Font Info:    Redeclaring math symbol \leqq on input line 100.
LaTeX Font Info:    Redeclaring math symbol \leqslant on input line 101.
LaTeX Font Info:    Redeclaring math symbol \lessgtr on input line 102.
LaTeX Font Info:    Redeclaring math symbol \backprime on input line 103.
LaTeX Font Info:    Redeclaring math symbol \risingdotseq on input line 104.
LaTeX Font Info:    Redeclaring math symbol \fallingdotseq on input line 105.
LaTeX Font Info:    Redeclaring math symbol \succcurlyeq on input line 106.
LaTeX Font Info:    Redeclaring math symbol \geqq on input line 107.
LaTeX Font Info:    Redeclaring math symbol \geqslant on input line 108.
LaTeX Font Info:    Redeclaring math symbol \gtrless on input line 109.
LaTeX Font Info:    Redeclaring math symbol \bigstar on input line 117.
LaTeX Font Info:    Redeclaring math symbol \between on input line 118.
LaTeX Font Info:    Redeclaring math symbol \blacktriangledown on input line 119.
LaTeX Font Info:    Redeclaring math symbol \blacktriangleright on input line 120.
LaTeX Font Info:    Redeclaring math symbol \blacktriangleleft on input line 121.
LaTeX Font Info:    Redeclaring math symbol \vartriangle on input line 122.
LaTeX Font Info:    Redeclaring math symbol \blacktriangle on input line 123.
LaTeX Font Info:    Redeclaring math symbol \triangledown on input line 124.
LaTeX Font Info:    Redeclaring math symbol \eqcirc on input line 125.
LaTeX Font Info:    Redeclaring math symbol \lesseqgtr on input line 126.
LaTeX Font Info:    Redeclaring math symbol \gtreqless on input line 127.
LaTeX Font Info:    Redeclaring math symbol \lesseqqgtr on input line 128.
LaTeX Font Info:    Redeclaring math symbol \gtreqqless on input line 129.
LaTeX Font Info:    Redeclaring math symbol \Rrightarrow on input line 130.
LaTeX Font Info:    Redeclaring math symbol \Lleftarrow on input line 131.
LaTeX Font Info:    Redeclaring math symbol \veebar on input line 132.
LaTeX Font Info:    Redeclaring math symbol \barwedge on input line 133.
LaTeX Font Info:    Redeclaring math symbol \doublebarwedge on input line 134.
LaTeX Font Info:    Redeclaring math symbol \measuredangle on input line 137.
LaTeX Font Info:    Redeclaring math symbol \sphericalangle on input line 138.
LaTeX Font Info:    Redeclaring math symbol \varpropto on input line 139.
LaTeX Font Info:    Redeclaring math symbol \smallsmile on input line 140.
LaTeX Font Info:    Redeclaring math symbol \smallfrown on input line 141.
LaTeX Font Info:    Redeclaring math symbol \Subset on input line 142.
LaTeX Font Info:    Redeclaring math symbol \Supset on input line 143.
LaTeX Font Info:    Redeclaring math symbol \Cup on input line 144.
LaTeX Font Info:    Redeclaring math symbol \Cap on input line 146.
LaTeX Font Info:    Redeclaring math symbol \curlywedge on input line 148.
LaTeX Font Info:    Redeclaring math symbol \curlyvee on input line 149.
LaTeX Font Info:    Redeclaring math symbol \leftthreetimes on input line 150.
LaTeX Font Info:    Redeclaring math symbol \rightthreetimes on input line 151.
LaTeX Font Info:    Redeclaring math symbol \subseteqq on input line 152.
LaTeX Font Info:    Redeclaring math symbol \supseteqq on input line 153.
LaTeX Font Info:    Redeclaring math symbol \bumpeq on input line 154.
LaTeX Font Info:    Redeclaring math symbol \Bumpeq on input line 155.
LaTeX Font Info:    Redeclaring math symbol \lll on input line 156.
LaTeX Font Info:    Redeclaring math symbol \ggg on input line 158.
LaTeX Font Info:    Redeclaring math symbol \circledS on input line 160.
LaTeX Font Info:    Redeclaring math symbol \pitchfork on input line 161.
LaTeX Font Info:    Redeclaring math symbol \dotplus on input line 162.
LaTeX Font Info:    Redeclaring math symbol \backsim on input line 163.
LaTeX Font Info:    Redeclaring math symbol \backsimeq on input line 164.
LaTeX Font Info:    Redeclaring math symbol \complement on input line 165.
LaTeX Font Info:    Redeclaring math symbol \intercal on input line 166.
LaTeX Font Info:    Redeclaring math symbol \circledcirc on input line 167.
LaTeX Font Info:    Redeclaring math symbol \circledast on input line 168.
LaTeX Font Info:    Redeclaring math symbol \circleddash on input line 169.
LaTeX Font Info:    Redeclaring math symbol \lvertneqq on input line 171.
LaTeX Font Info:    Redeclaring math symbol \gvertneqq on input line 172.
LaTeX Font Info:    Redeclaring math symbol \nleq on input line 173.
LaTeX Font Info:    Redeclaring math symbol \ngeq on input line 174.
LaTeX Font Info:    Redeclaring math symbol \nless on input line 175.
LaTeX Font Info:    Redeclaring math symbol \ngtr on input line 176.
LaTeX Font Info:    Redeclaring math symbol \nprec on input line 177.
LaTeX Font Info:    Redeclaring math symbol \nsucc on input line 178.
LaTeX Font Info:    Redeclaring math symbol \lneqq on input line 179.
LaTeX Font Info:    Redeclaring math symbol \gneqq on input line 180.
LaTeX Font Info:    Redeclaring math symbol \nleqslant on input line 181.
LaTeX Font Info:    Redeclaring math symbol \ngeqslant on input line 182.
LaTeX Font Info:    Redeclaring math symbol \lneq on input line 183.
LaTeX Font Info:    Redeclaring math symbol \gneq on input line 184.
LaTeX Font Info:    Redeclaring math symbol \npreceq on input line 185.
LaTeX Font Info:    Redeclaring math symbol \nsucceq on input line 186.
LaTeX Font Info:    Redeclaring math symbol \precnsim on input line 187.
LaTeX Font Info:    Redeclaring math symbol \succnsim on input line 188.
LaTeX Font Info:    Redeclaring math symbol \lnsim on input line 189.
LaTeX Font Info:    Redeclaring math symbol \gnsim on input line 190.
LaTeX Font Info:    Redeclaring math symbol \nleqq on input line 191.
LaTeX Font Info:    Redeclaring math symbol \ngeqq on input line 192.
LaTeX Font Info:    Redeclaring math symbol \precneqq on input line 193.
LaTeX Font Info:    Redeclaring math symbol \succneqq on input line 194.
LaTeX Font Info:    Redeclaring math symbol \precnapprox on input line 195.
LaTeX Font Info:    Redeclaring math symbol \succnapprox on input line 196.
LaTeX Font Info:    Redeclaring math symbol \lnapprox on input line 197.
LaTeX Font Info:    Redeclaring math symbol \gnapprox on input line 198.
LaTeX Font Info:    Redeclaring math symbol \nsim on input line 199.
LaTeX Font Info:    Redeclaring math symbol \ncong on input line 200.
LaTeX Font Info:    Redeclaring math symbol \diagup on input line 201.
LaTeX Font Info:    Redeclaring math symbol \diagdown on input line 202.
LaTeX Font Info:    Redeclaring math symbol \varsubsetneq on input line 203.
LaTeX Font Info:    Redeclaring math symbol \varsupsetneq on input line 204.
LaTeX Font Info:    Redeclaring math symbol \nsubseteqq on input line 205.
LaTeX Font Info:    Redeclaring math symbol \nsupseteqq on input line 206.
LaTeX Font Info:    Redeclaring math symbol \subsetneqq on input line 207.
LaTeX Font Info:    Redeclaring math symbol \supsetneqq on input line 208.
LaTeX Font Info:    Redeclaring math symbol \varsubsetneqq on input line 209.
LaTeX Font Info:    Redeclaring math symbol \varsupsetneqq on input line 210.
LaTeX Font Info:    Redeclaring math symbol \subsetneq on input line 211.
LaTeX Font Info:    Redeclaring math symbol \supsetneq on input line 212.
LaTeX Font Info:    Redeclaring math symbol \nsubseteq on input line 213.
LaTeX Font Info:    Redeclaring math symbol \nsupseteq on input line 214.
LaTeX Font Info:    Redeclaring math symbol \nparallel on input line 215.
LaTeX Font Info:    Redeclaring math symbol \nmid on input line 216.
LaTeX Font Info:    Redeclaring math symbol \nshortmid on input line 217.
LaTeX Font Info:    Redeclaring math symbol \nshortparallel on input line 218.
LaTeX Font Info:    Redeclaring math symbol \nvdash on input line 219.
LaTeX Font Info:    Redeclaring math symbol \nVdash on input line 220.
LaTeX Font Info:    Redeclaring math symbol \nvDash on input line 221.
LaTeX Font Info:    Redeclaring math symbol \nVDash on input line 222.
LaTeX Font Info:    Redeclaring math symbol \ntrianglerighteq on input line 223.
LaTeX Font Info:    Redeclaring math symbol \ntrianglelefteq on input line 224.
LaTeX Font Info:    Redeclaring math symbol \ntriangleleft on input line 225.
LaTeX Font Info:    Redeclaring math symbol \ntriangleright on input line 226.
LaTeX Font Info:    Redeclaring math symbol \nleftarrow on input line 227.
LaTeX Font Info:    Redeclaring math symbol \nrightarrow on input line 228.
LaTeX Font Info:    Redeclaring math symbol \nLeftarrow on input line 229.
LaTeX Font Info:    Redeclaring math symbol \nRightarrow on input line 230.
LaTeX Font Info:    Redeclaring math symbol \nLeftrightarrow on input line 231.
LaTeX Font Info:    Redeclaring math symbol \nleftrightarrow on input line 232.
LaTeX Font Info:    Redeclaring math symbol \divideontimes on input line 233.
LaTeX Font Info:    Redeclaring math symbol \varnothing on input line 234.
LaTeX Font Info:    Redeclaring math symbol \nexists on input line 235.
LaTeX Font Info:    Redeclaring math symbol \Finv on input line 236.
LaTeX Font Info:    Redeclaring math symbol \Game on input line 237.
LaTeX Font Info:    Redeclaring math symbol \eth on input line 240.
LaTeX Font Info:    Redeclaring math symbol \eqsim on input line 241.
LaTeX Font Info:    Redeclaring math symbol \beth on input line 242.
LaTeX Font Info:    Redeclaring math symbol \gimel on input line 243.
LaTeX Font Info:    Redeclaring math symbol \daleth on input line 244.
LaTeX Font Info:    Redeclaring math symbol \lessdot on input line 245.
LaTeX Font Info:    Redeclaring math symbol \gtrdot on input line 246.
LaTeX Font Info:    Redeclaring math symbol \ltimes on input line 247.
LaTeX Font Info:    Redeclaring math symbol \rtimes on input line 248.
LaTeX Font Info:    Redeclaring math symbol \shortmid on input line 249.
LaTeX Font Info:    Redeclaring math symbol \shortparallel on input line 250.
LaTeX Font Info:    Redeclaring math symbol \smallsetminus on input line 251.
LaTeX Font Info:    Redeclaring math symbol \thicksim on input line 252.
LaTeX Font Info:    Redeclaring math symbol \thickapprox on input line 253.
LaTeX Font Info:    Redeclaring math symbol \approxeq on input line 254.
LaTeX Font Info:    Redeclaring math symbol \succapprox on input line 255.
LaTeX Font Info:    Redeclaring math symbol \precapprox on input line 256.
LaTeX Font Info:    Redeclaring math symbol \curvearrowleft on input line 257.
LaTeX Font Info:    Redeclaring math symbol \curvearrowright on input line 258.
LaTeX Font Info:    Redeclaring math symbol \digamma on input line 259.
LaTeX Font Info:    Redeclaring math symbol \varkappa on input line 260.
LaTeX Font Info:    Redeclaring math symbol \Bbbk on input line 261.
LaTeX Font Info:    Redeclaring math symbol \hslash on input line 262.
LaTeX Font Info:    Redeclaring math symbol \backepsilon on input line 265.
) (C:\Users\tgave\AppData\Local\Programs\MiKTeX\tex/latex/tools\verbatim.sty
Package: verbatim 2024-01-22 v1.5x LaTeX2e package for verbatim enhancements
\every@verbatim=\toks26
\verbatim@line=\toks27
\verbatim@in@stream=\read2
) (C:\Users\tgave\AppData\Local\Programs\MiKTeX\tex/latex/mathabx\mathabx.sty
Package: mathabx 2003/07/29 v0.0 Non-standard LaTeX package mathabx
\symmatha=\mathgroup10
\symmathb=\mathgroup11
\symmathx=\mathgroup12
 (C:\Users\tgave\AppData\Local\Programs\MiKTeX\tex/generic/mathabx\mathabx.dcl
LaTeX Font Info:    Redeclaring math symbol \cdotp on input line 25.
LaTeX Font Info:    Redeclaring math symbol \times on input line 33.
LaTeX Font Info:    Redeclaring math symbol \div on input line 34.
LaTeX Font Info:    Redeclaring math symbol \cdot on input line 35.
LaTeX Font Info:    Redeclaring math symbol \circ on input line 36.
LaTeX Font Info:    Redeclaring math symbol \ast on input line 38.
LaTeX Font Info:    Redeclaring math symbol \pm on input line 41.
LaTeX Font Info:    Redeclaring math symbol \mp on input line 42.
LaTeX Font Info:    Redeclaring math symbol \ltimes on input line 43.
LaTeX Font Info:    Redeclaring math symbol \rtimes on input line 44.
LaTeX Font Info:    Redeclaring math symbol \diamond on input line 45.
LaTeX Font Info:    Redeclaring math symbol \bullet on input line 46.
LaTeX Font Info:    Redeclaring math symbol \star on input line 47.
LaTeX Font Info:    Redeclaring math symbol \amalg on input line 51.
LaTeX Font Info:    Redeclaring math symbol \dotplus on input line 58.
LaTeX Font Info:    Redeclaring math symbol \square on input line 63.
LaTeX Font Info:    Redeclaring math symbol \divideontimes on input line 71.
LaTeX Font Info:    Redeclaring math symbol \bigstar on input line 75.
LaTeX Font Info:    Redeclaring math symbol \equiv on input line 83.
LaTeX Font Info:    Redeclaring math symbol \sim on input line 84.
LaTeX Font Info:    Redeclaring math symbol \approx on input line 85.
LaTeX Font Info:    Redeclaring math symbol \simeq on input line 86.
LaTeX Font Info:    Redeclaring math symbol \asymp on input line 89.
LaTeX Font Info:    Redeclaring math symbol \nsim on input line 97.
LaTeX Font Info:    Redeclaring math symbol \napprox on input line 98.
LaTeX Font Info:    Redeclaring math symbol \nsimeq on input line 99.
LaTeX Font Info:    Redeclaring math symbol \ncong on input line 100.
LaTeX Font Info:    Redeclaring math symbol \risingdotseq on input line 118.
LaTeX Font Info:    Redeclaring math symbol \fallingdotseq on input line 119.
LaTeX Font Info:    Redeclaring math symbol \coloneq on input line 120.
LaTeX Font Info:    Redeclaring math symbol \eqcolon on input line 121.
LaTeX Font Info:    Redeclaring math symbol \circeq on input line 125.
LaTeX Font Info:    Redeclaring math symbol \eqcirc on input line 126.
LaTeX Font Info:    Redeclaring math symbol \triangleq on input line 127.
LaTeX Font Info:    Redeclaring math symbol \neg on input line 134.
LaTeX Font Info:    Redeclaring math symbol \ll on input line 136.
LaTeX Font Info:    Redeclaring math symbol \gg on input line 137.
LaTeX Font Info:    Redeclaring math symbol \vdash on input line 139.
LaTeX Font Info:    Redeclaring math symbol \dashv on input line 140.
LaTeX Font Info:    Redeclaring math symbol \nvdash on input line 141.
LaTeX Font Info:    Redeclaring math symbol \vDash on input line 143.
LaTeX Font Info:    Redeclaring math symbol \nvDash on input line 145.
LaTeX Font Info:    Redeclaring math symbol \Vdash on input line 147.
LaTeX Font Info:    Redeclaring math symbol \nVdash on input line 149.
LaTeX Font Info:    Redeclaring math symbol \flat on input line 158.
LaTeX Font Info:    Redeclaring math symbol \natural on input line 159.
LaTeX Font Info:    Redeclaring math symbol \sharp on input line 160.
LaTeX Font Info:    Redeclaring math symbol \infty on input line 161.
LaTeX Font Info:    Redeclaring math symbol \propto on input line 162.
LaTeX Font Info:    Redeclaring math symbol \dagger on input line 163.
LaTeX Font Info:    Redeclaring math symbol \ddagger on input line 164.
LaTeX Font Info:    Redeclaring math symbol \between on input line 170.
LaTeX Font Info:    Redeclaring math symbol \smile on input line 171.
LaTeX Font Info:    Redeclaring math symbol \frown on input line 172.
LaTeX Font Info:    Redeclaring math symbol \leftthreetimes on input line 174.
LaTeX Font Info:    Redeclaring math symbol \rightthreetimes on input line 175.
LaTeX Font Info:    Redeclaring math symbol \pitchfork on input line 176.
LaTeX Font Info:    Redeclaring math symbol \VDash on input line 180.
LaTeX Font Info:    Redeclaring math symbol \nVDash on input line 182.
LaTeX Font Info:    Redeclaring math symbol \Vvdash on input line 184.
LaTeX Font Info:    Redeclaring math symbol \therefore on input line 189.
LaTeX Font Info:    Redeclaring math symbol \because on input line 190.
LaTeX Font Info:    Redeclaring math accent \dot on input line 193.
LaTeX Font Info:    Redeclaring math accent \ddot on input line 195.
LaTeX Font Info:    Redeclaring math symbol \measuredangle on input line 202.
LaTeX Font Info:    Redeclaring math symbol \sphericalangle on input line 203.
LaTeX Font Info:    Redeclaring math symbol \setminus on input line 218.
LaTeX Font Info:    Redeclaring math symbol \mid on input line 222.
LaTeX Font Info:    Redeclaring math symbol \forall on input line 279.
LaTeX Font Info:    Redeclaring math symbol \complement on input line 280.
LaTeX Font Info:    Redeclaring math symbol \partial on input line 281.
LaTeX Font Info:    Redeclaring math symbol \exists on input line 284.
LaTeX Font Info:    Redeclaring math symbol \nexists on input line 285.
LaTeX Font Info:    Redeclaring math symbol \Finv on input line 286.
LaTeX Font Info:    Redeclaring math symbol \Game on input line 287.
LaTeX Font Info:    Redeclaring math symbol \emptyset on input line 288.
LaTeX Font Info:    Redeclaring math symbol \top on input line 290.
LaTeX Font Info:    Redeclaring math symbol \bot on input line 291.
LaTeX Font Info:    Redeclaring math symbol \perp on input line 292.
LaTeX Font Info:    Redeclaring math symbol \curlywedge on input line 296.
LaTeX Font Info:    Redeclaring math symbol \curlyvee on input line 297.
LaTeX Font Info:    Redeclaring math symbol \in on input line 299.
LaTeX Font Info:    Redeclaring math symbol \owns on input line 300.
LaTeX Font Info:    Redeclaring math symbol \cap on input line 312.
LaTeX Font Info:    Redeclaring math symbol \cup on input line 313.
LaTeX Font Info:    Redeclaring math symbol \uplus on input line 314.
LaTeX Font Info:    Redeclaring math symbol \sqcap on input line 315.
LaTeX Font Info:    Redeclaring math symbol \sqcup on input line 316.
LaTeX Font Info:    Redeclaring math symbol \wedge on input line 318.
LaTeX Font Info:    Redeclaring math symbol \vee on input line 320.
LaTeX Font Info:    Redeclaring math symbol \barwedge on input line 327.
LaTeX Font Info:    Redeclaring math symbol \veebar on input line 328.
LaTeX Font Info:    Redeclaring math symbol \doublebarwedge on input line 329.
LaTeX Font Info:    Redeclaring math symbol \doublecap on input line 331.
LaTeX Font Info:    Redeclaring math symbol \doublecup on input line 333.
LaTeX Font Info:    Redeclaring math symbol \subset on input line 344.
LaTeX Font Info:    Redeclaring math symbol \supset on input line 345.
LaTeX Font Info:    Redeclaring math symbol \nsubset on input line 346.
LaTeX Font Info:    Redeclaring math symbol \nsupset on input line 347.
LaTeX Font Info:    Redeclaring math symbol \subseteq on input line 348.
LaTeX Font Info:    Redeclaring math symbol \supseteq on input line 349.
LaTeX Font Info:    Redeclaring math symbol \nsubseteq on input line 350.
LaTeX Font Info:    Redeclaring math symbol \nsupseteq on input line 351.
LaTeX Font Info:    Redeclaring math symbol \subsetneq on input line 352.
LaTeX Font Info:    Redeclaring math symbol \supsetneq on input line 353.
LaTeX Font Info:    Redeclaring math symbol \varsubsetneq on input line 354.
LaTeX Font Info:    Redeclaring math symbol \varsupsetneq on input line 355.
LaTeX Font Info:    Redeclaring math symbol \subseteqq on input line 357.
LaTeX Font Info:    Redeclaring math symbol \supseteqq on input line 358.
LaTeX Font Info:    Redeclaring math symbol \nsubseteqq on input line 359.
LaTeX Font Info:    Redeclaring math symbol \nsupseteqq on input line 360.
LaTeX Font Info:    Redeclaring math symbol \subsetneqq on input line 361.
LaTeX Font Info:    Redeclaring math symbol \supsetneqq on input line 362.
LaTeX Font Info:    Redeclaring math symbol \varsubsetneqq on input line 363.
LaTeX Font Info:    Redeclaring math symbol \varsupsetneqq on input line 364.
LaTeX Font Info:    Redeclaring math symbol \Subset on input line 366.
LaTeX Font Info:    Redeclaring math symbol \Supset on input line 367.
LaTeX Font Info:    Redeclaring math symbol \nSubset on input line 368.
LaTeX Font Info:    Redeclaring math symbol \nSupset on input line 369.
LaTeX Font Info:    Redeclaring math symbol \nsqsubset on input line 378.
LaTeX Font Info:    Redeclaring math symbol \nsqsupset on input line 379.
LaTeX Font Info:    Redeclaring math symbol \sqsubseteq on input line 380.
LaTeX Font Info:    Redeclaring math symbol \sqsupseteq on input line 381.
LaTeX Font Info:    Redeclaring math symbol \nsqsubseteq on input line 382.
LaTeX Font Info:    Redeclaring math symbol \nsqsupseteq on input line 383.
LaTeX Font Info:    Redeclaring math symbol \triangleleft on input line 407.
LaTeX Font Info:    Redeclaring math symbol \vartriangleleft on input line 408.
LaTeX Font Info:    Redeclaring math symbol \triangleright on input line 409.
LaTeX Font Info:    Redeclaring math symbol \vartriangleright on input line 410.
LaTeX Font Info:    Redeclaring math symbol \ntriangleleft on input line 411.
LaTeX Font Info:    Redeclaring math symbol \ntriangleright on input line 412.
LaTeX Font Info:    Redeclaring math symbol \trianglelefteq on input line 413.
LaTeX Font Info:    Redeclaring math symbol \trianglerighteq on input line 414.
LaTeX Font Info:    Redeclaring math symbol \ntrianglelefteq on input line 415.
LaTeX Font Info:    Redeclaring math symbol \ntrianglerighteq on input line 416.
LaTeX Font Info:    Redeclaring math symbol \blacktriangledown on input line 427.
LaTeX Font Info:    Redeclaring math symbol \blacktriangleleft on input line 428.
LaTeX Font Info:    Redeclaring math symbol \blacktriangleright on input line 429.
LaTeX Font Info:    Redeclaring math symbol \nless on input line 437.
LaTeX Font Info:    Redeclaring math symbol \ngtr on input line 438.
LaTeX Font Info:    Redeclaring math symbol \leq on input line 439.
LaTeX Font Info:    Redeclaring math symbol \geq on input line 441.
LaTeX Font Info:    Redeclaring math symbol \nleq on input line 443.
LaTeX Font Info:    Redeclaring math symbol \ngeq on input line 445.
LaTeX Font Info:    Redeclaring math symbol \lneq on input line 451.
LaTeX Font Info:    Redeclaring math symbol \gneq on input line 452.
LaTeX Font Info:    Redeclaring math symbol \leqq on input line 453.
LaTeX Font Info:    Redeclaring math symbol \geqq on input line 454.
LaTeX Font Info:    Redeclaring math symbol \nleqq on input line 455.
LaTeX Font Info:    Redeclaring math symbol \ngeqq on input line 456.
LaTeX Font Info:    Redeclaring math symbol \lneqq on input line 457.
LaTeX Font Info:    Redeclaring math symbol \gneqq on input line 458.
LaTeX Font Info:    Redeclaring math symbol \lvertneqq on input line 459.
LaTeX Font Info:    Redeclaring math symbol \gvertneqq on input line 460.
LaTeX Font Info:    Redeclaring math symbol \eqslantless on input line 461.
LaTeX Font Info:    Redeclaring math symbol \eqslantgtr on input line 462.
LaTeX Font Info:    Redeclaring math symbol \lessgtr on input line 465.
LaTeX Font Info:    Redeclaring math symbol \gtrless on input line 466.
LaTeX Font Info:    Redeclaring math symbol \lesseqgtr on input line 467.
LaTeX Font Info:    Redeclaring math symbol \gtreqless on input line 468.
LaTeX Font Info:    Redeclaring math symbol \lesseqqgtr on input line 469.
LaTeX Font Info:    Redeclaring math symbol \gtreqqless on input line 470.
LaTeX Font Info:    Redeclaring math symbol \lesssim on input line 472.
LaTeX Font Info:    Redeclaring math symbol \gtrsim on input line 473.
LaTeX Font Info:    Redeclaring math symbol \nlesssim on input line 474.
LaTeX Font Info:    Redeclaring math symbol \ngtrsim on input line 475.
LaTeX Font Info:    Redeclaring math symbol \lnsim on input line 476.
LaTeX Font Info:    Redeclaring math symbol \gnsim on input line 477.
LaTeX Font Info:    Redeclaring math symbol \lessapprox on input line 478.
LaTeX Font Info:    Redeclaring math symbol \gtrapprox on input line 479.
LaTeX Font Info:    Redeclaring math symbol \nlessapprox on input line 480.
LaTeX Font Info:    Redeclaring math symbol \ngtrapprox on input line 481.
LaTeX Font Info:    Redeclaring math symbol \lnapprox on input line 482.
LaTeX Font Info:    Redeclaring math symbol \gnapprox on input line 483.
LaTeX Font Info:    Redeclaring math symbol \lessdot on input line 485.
LaTeX Font Info:    Redeclaring math symbol \gtrdot on input line 486.
LaTeX Font Info:    Redeclaring math symbol \lll on input line 488.
LaTeX Font Info:    Redeclaring math symbol \ggg on input line 489.
LaTeX Font Info:    Redeclaring math symbol \prec on input line 498.
LaTeX Font Info:    Redeclaring math symbol \succ on input line 499.
LaTeX Font Info:    Redeclaring math symbol \nprec on input line 500.
LaTeX Font Info:    Redeclaring math symbol \nsucc on input line 501.
LaTeX Font Info:    Redeclaring math symbol \preccurlyeq on input line 502.
LaTeX Font Info:    Redeclaring math symbol \succcurlyeq on input line 503.
LaTeX Font Info:    Redeclaring math symbol \npreccurlyeq on input line 504.
LaTeX Font Info:    Redeclaring math symbol \nsucccurlyeq on input line 505.
LaTeX Font Info:    Redeclaring math symbol \preceq on input line 506.
LaTeX Font Info:    Redeclaring math symbol \succeq on input line 507.
LaTeX Font Info:    Redeclaring math symbol \npreceq on input line 508.
LaTeX Font Info:    Redeclaring math symbol \nsucceq on input line 509.
LaTeX Font Info:    Redeclaring math symbol \curlyeqprec on input line 512.
LaTeX Font Info:    Redeclaring math symbol \curlyeqsucc on input line 513.
LaTeX Font Info:    Redeclaring math symbol \precsim on input line 517.
LaTeX Font Info:    Redeclaring math symbol \succsim on input line 518.
LaTeX Font Info:    Redeclaring math symbol \nprecsim on input line 519.
LaTeX Font Info:    Redeclaring math symbol \nsuccsim on input line 520.
LaTeX Font Info:    Redeclaring math symbol \precnsim on input line 521.
LaTeX Font Info:    Redeclaring math symbol \succnsim on input line 522.
LaTeX Font Info:    Redeclaring math symbol \precapprox on input line 523.
LaTeX Font Info:    Redeclaring math symbol \succapprox on input line 524.
LaTeX Font Info:    Redeclaring math symbol \nprecapprox on input line 525.
LaTeX Font Info:    Redeclaring math symbol \nsuccapprox on input line 526.
LaTeX Font Info:    Redeclaring math symbol \precnapprox on input line 527.
LaTeX Font Info:    Redeclaring math symbol \succnapprox on input line 528.
LaTeX Font Info:    Redeclaring math symbol \leftarrow on input line 540.
LaTeX Font Info:    Redeclaring math symbol \rightarrow on input line 542.
LaTeX Font Info:    Redeclaring math symbol \nwarrow on input line 546.
LaTeX Font Info:    Redeclaring math symbol \nearrow on input line 547.
LaTeX Font Info:    Redeclaring math symbol \swarrow on input line 548.
LaTeX Font Info:    Redeclaring math symbol \searrow on input line 549.
LaTeX Font Info:    Redeclaring math symbol \leftrightarrow on input line 550.
LaTeX Font Info:    Redeclaring math symbol \nleftarrow on input line 552.
LaTeX Font Info:    Redeclaring math symbol \nrightarrow on input line 553.
LaTeX Font Info:    Redeclaring math symbol \nleftrightarrow on input line 554.
LaTeX Font Info:    Redeclaring math symbol \mapstochar on input line 557.
LaTeX Font Info:    Redeclaring math symbol \leftharpoonup on input line 560.
LaTeX Font Info:    Redeclaring math symbol \rightharpoonup on input line 561.
LaTeX Font Info:    Redeclaring math symbol \leftharpoondown on input line 562.
LaTeX Font Info:    Redeclaring math symbol \rightharpoondown on input line 563.
LaTeX Font Info:    Redeclaring math symbol \upharpoonleft on input line 564.
LaTeX Font Info:    Redeclaring math symbol \downharpoonleft on input line 565.
LaTeX Font Info:    Redeclaring math symbol \upharpoonright on input line 566.
LaTeX Font Info:    Redeclaring math symbol \restriction on input line 567.
LaTeX Font Info:    Redeclaring math symbol \downharpoonright on input line 568.
LaTeX Font Info:    Redeclaring math symbol \leftrightharpoons on input line 569.
LaTeX Font Info:    Redeclaring math symbol \Leftarrow on input line 575.
LaTeX Font Info:    Redeclaring math symbol \Rightarrow on input line 576.
LaTeX Font Info:    Redeclaring math symbol \Leftrightarrow on input line 579.
LaTeX Font Info:    Redeclaring math symbol \nLeftarrow on input line 581.
LaTeX Font Info:    Redeclaring math symbol \nRightarrow on input line 582.
LaTeX Font Info:    Redeclaring math symbol \nLeftrightarrow on input line 583.
LaTeX Font Info:    Redeclaring math symbol \Mapstochar on input line 586.
LaTeX Font Info:    Redeclaring math symbol \leftleftarrows on input line 593.
LaTeX Font Info:    Redeclaring math symbol \rightrightarrows on input line 594.
LaTeX Font Info:    Redeclaring math symbol \upuparrows on input line 595.
LaTeX Font Info:    Redeclaring math symbol \downdownarrows on input line 596.
LaTeX Font Info:    Redeclaring math symbol \leftrightarrows on input line 597.
LaTeX Font Info:    Redeclaring math symbol \rightleftarrows on input line 598.
LaTeX Font Info:    Redeclaring math symbol \rhook on input line 612.
LaTeX Font Info:    Redeclaring math symbol \lhook on input line 613.
LaTeX Font Info:    Redeclaring math symbol \diagup on input line 614.
LaTeX Font Info:    Redeclaring math symbol \diagdown on input line 615.
LaTeX Font Info:    Redeclaring math symbol \Lsh on input line 617.
LaTeX Font Info:    Redeclaring math symbol \Rsh on input line 619.
LaTeX Font Info:    Redeclaring math symbol \looparrowleft on input line 624.
LaTeX Font Info:    Redeclaring math symbol \looparrowright on input line 626.
LaTeX Font Info:    Redeclaring math symbol \curvearrowleft on input line 631.
LaTeX Font Info:    Redeclaring math symbol \curvearrowright on input line 633.
LaTeX Font Info:    Redeclaring math symbol \circlearrowleft on input line 641.
LaTeX Font Info:    Redeclaring math symbol \circlearrowright on input line 642.
LaTeX Font Info:    Redeclaring math symbol \leftsquigarrow on input line 644.
LaTeX Font Info:    Redeclaring math symbol \rightsquigarrow on input line 645.
LaTeX Font Info:    Redeclaring math symbol \leftrightsquigarrow on input line 646.
LaTeX Font Info:    Redeclaring math symbol \oplus on input line 658.
LaTeX Font Info:    Redeclaring math symbol \ominus on input line 659.
LaTeX Font Info:    Redeclaring math symbol \otimes on input line 661.
LaTeX Font Info:    Redeclaring math symbol \odot on input line 663.
LaTeX Font Info:    Redeclaring math symbol \oslash on input line 675.
LaTeX Font Info:    Redeclaring math symbol \boxplus on input line 683.
LaTeX Font Info:    Redeclaring math symbol \boxminus on input line 684.
LaTeX Font Info:    Redeclaring math symbol \boxtimes on input line 686.
LaTeX Font Info:    Redeclaring math symbol \boxdot on input line 688.
LaTeX Font Info:    Redeclaring math symbol \boxleft on input line 694.
LaTeX Font Info:    Redeclaring math symbol \boxright on input line 695.
LaTeX Font Info:    Redeclaring math symbol \boxslash on input line 702.
\mayacnter=\count298
\mayacnta=\count299
\mayacntb=\count300
\mayacntc=\count301
\mayawidth=\dimen163
LaTeX Font Info:    Redeclaring math symbol \intop on input line 753.
LaTeX Font Info:    Redeclaring math symbol \iintop on input line 754.
LaTeX Font Info:    Redeclaring math symbol \iiintop on input line 757.
LaTeX Font Info:    Redeclaring math symbol \ointop on input line 760.
LaTeX Font Info:    Redeclaring math symbol \oiintop on input line 762.
LaTeX Font Info:    Redeclaring math delimiter \lbrace on input line 842.
LaTeX Info: Redefining \{ on input line 846.
LaTeX Font Info:    Redeclaring math delimiter \rbrace on input line 848.
LaTeX Info: Redefining \} on input line 852.
LaTeX Font Info:    Redeclaring math delimiter \langle on input line 858.
LaTeX Font Info:    Redeclaring math delimiter \rangle on input line 859.
LaTeX Font Info:    Redeclaring math delimiter \vert on input line 863.
LaTeX Font Info:    Redeclaring math delimiter \Vert on input line 865.
LaTeX Font Info:    Redeclaring math delimiter \uparrow on input line 868.
LaTeX Font Info:    Redeclaring math delimiter \downarrow on input line 869.
LaTeX Font Info:    Redeclaring math delimiter \updownarrow on input line 870.
LaTeX Font Info:    Redeclaring math delimiter \Uparrow on input line 871.
LaTeX Font Info:    Redeclaring math delimiter \Downarrow on input line 872.
LaTeX Font Info:    Redeclaring math delimiter \Updownarrow on input line 873.
LaTeX Font Info:    Redeclaring math delimiter \lgroup on input line 880.
LaTeX Font Info:    Redeclaring math delimiter \rgroup on input line 881.
LaTeX Font Info:    Redeclaring math delimiter \lceil on input line 882.
LaTeX Font Info:    Redeclaring math delimiter \rceil on input line 883.
LaTeX Font Info:    Redeclaring math delimiter \lfloor on input line 884.
LaTeX Font Info:    Redeclaring math delimiter \rfloor on input line 885.
LaTeX Font Info:    Redeclaring math symbol \braceld on input line 903.
LaTeX Font Info:    Redeclaring math symbol \bracerd on input line 905.
LaTeX Font Info:    Redeclaring math symbol \bracelu on input line 907.
LaTeX Font Info:    Redeclaring math symbol \braceru on input line 909.
LaTeX Font Info:    Redeclaring math accent \widehat on input line 944.
LaTeX Font Info:    Redeclaring math accent \widetilde on input line 946.
)) (C:\Users\tgave\AppData\Local\Programs\MiKTeX\tex/latex/spverbatim\spverbatim.sty
Package: spverbatim 2009/08/10 v1.0 Verbatim with breakable spaces
) (C:\Users\tgave\AppData\Local\Programs\MiKTeX\tex/latex/ulem\ulem.sty
\UL@box=\box54
\UL@hyphenbox=\box55
\UL@skip=\skip55
\UL@hook=\toks28
\UL@height=\dimen164
\UL@pe=\count302
\UL@pixel=\dimen165
\ULC@box=\box56
Package: ulem 2019/11/18
\ULdepth=\dimen166
) (C:\Users\tgave\AppData\Local\Programs\MiKTeX\tex/latex/paralist\paralist.sty
Package: paralist 2017/01/22 v2.7 Extended list environments
\pltopsep=\skip56
\plpartopsep=\skip57
\plitemsep=\skip58
\plparsep=\skip59
\pl@lab=\toks29
)
\c@saveenumi=\count303
 (C:\Users\tgave\AppData\Local\Programs\MiKTeX\tex/latex/booktabs\booktabs.sty
Package: booktabs 2020/01/12 v1.61803398 Publication quality tables
\heavyrulewidth=\dimen167
\lightrulewidth=\dimen168
\cmidrulewidth=\dimen169
\belowrulesep=\dimen170
\belowbottomsep=\dimen171
\aboverulesep=\dimen172
\abovetopsep=\dimen173
\cmidrulesep=\dimen174
\cmidrulekern=\dimen175
\defaultaddspace=\dimen176
\@cmidla=\count304
\@cmidlb=\count305
\@aboverulesep=\dimen177
\@belowrulesep=\dimen178
\@thisruleclass=\count306
\@lastruleclass=\count307
\@thisrulewidth=\dimen179
) (C:\Users\tgave\AppData\Local\Programs\MiKTeX\tex/latex/csquotes\csquotes.sty
Package: csquotes 2024-04-04 v5.2o context-sensitive quotations (JAW)
\csq@reset=\count308
\csq@gtype=\count309
\csq@glevel=\count310
\csq@qlevel=\count311
\csq@maxlvl=\count312
\csq@tshold=\count313
\csq@ltx@everypar=\toks30
 (C:\Users\tgave\AppData\Local\Programs\MiKTeX\tex/latex/csquotes\csquotes.def
File: csquotes.def 2024-04-04 v5.2o csquotes generic definitions (JAW)
)
Package csquotes Info: Trying to load configuration file 'csquotes.cfg'...
Package csquotes Info: ... configuration file loaded successfully.
 (C:\Users\tgave\AppData\Local\Programs\MiKTeX\tex/latex/csquotes\csquotes.cfg
File: csquotes.cfg 
)) (C:\Users\tgave\AppData\Local\Programs\MiKTeX\tex/generic/babel\babel.sty
Package: babel 2025/02/14 v25.4 The multilingual framework for pdfLaTeX, LuaLaTeX and XeLaTeX
\babel@savecnt=\count314
\U@D=\dimen180
\l@unhyphenated=\language79
 (C:\Users\tgave\AppData\Local\Programs\MiKTeX\tex/generic/babel\txtbabel.def)
\bbl@readstream=\read3
\bbl@dirlevel=\count315

*************************************
* Local config file bblopts.cfg used
*
(C:\Users\tgave\AppData\Local\Programs\MiKTeX\tex/latex/arabi\bblopts.cfg
File: bblopts.cfg 2005/09/08 v0.1 add Arabic and Farsi to "declared" options of babel
) (C:\Users\tgave\AppData\Local\Programs\MiKTeX\tex/latex/babel-portuges\portuguese.ldf
Language: portuges 2021/07/09 v1.2t Portuguese support from the babel system
Package babel Info: Making " an active character on input line 143.
) (C:\Users\tgave\AppData\Local\Programs\MiKTeX\tex/latex/babel-english\english.ldf
Language: english 2017/06/06 v3.3r English support from the babel system
Package babel Info: Hyphen rules for 'canadian' set to \l@english
(babel)             (\language0). Reported on input line 102.
Package babel Info: Hyphen rules for 'australian' set to \l@ukenglish
(babel)             (\language73). Reported on input line 105.
Package babel Info: Hyphen rules for 'newzealand' set to \l@ukenglish
(babel)             (\language73). Reported on input line 108.
) (C:\Users\tgave\AppData\Local\Programs\MiKTeX\tex/latex/babel-portuges\portuguese.ldf
Language: portuges 2021/07/09 v1.2t Portuguese support from the babel system
) (C:\Users\tgave\AppData\Local\Programs\MiKTeX\tex/latex/babel-english\english.ldf
Language: english 2017/06/06 v3.3r English support from the babel system
)) (C:\Users\tgave\AppData\Local\Programs\MiKTeX\tex/generic/babel/locale/en\babel-english.tex
Package babel Info: Importing font and identification data for english
(babel)             from babel-en.ini. Reported on input line 11.
) (C:\Users\tgave\AppData\Local\Programs\MiKTeX\tex/generic/babel/locale/pt\babel-portuguese.tex
Package babel Info: Importing font and identification data for portuguese
(babel)             from babel-pt.ini. Reported on input line 11.
) (C:\Users\tgave\AppData\Local\Programs\MiKTeX\tex/latex/appendix\appendix.sty
Package: appendix 2020/02/08 v1.2c extra appendix facilities
\c@@pps=\count316
\c@@ppsavesec=\count317
\c@@ppsaveapp=\count318
) (C:\Users\tgave\AppData\Local\Programs\MiKTeX\tex/latex/base\ifthen.sty
Package: ifthen 2024/03/16 v1.1e Standard LaTeX ifthen package (DPC)
) (C:\Users\tgave\AppData\Local\Programs\MiKTeX\tex/latex/titlesec\titlesec.sty
Package: titlesec 2025/01/04 v2.17 Sectioning titles
\ttl@box=\box57
\beforetitleunit=\skip60
\aftertitleunit=\skip61
\ttl@plus=\dimen181
\ttl@minus=\dimen182
\ttl@toksa=\toks31
\titlewidth=\dimen183
\titlewidthlast=\dimen184
\titlewidthfirst=\dimen185
) (C:\Users\tgave\AppData\Local\Programs\MiKTeX\tex/latex/fancyhdr\fancyhdr.sty
Package: fancyhdr 2025/02/07 v5.2 Extensive control of page headers and footers
\f@nch@headwidth=\skip62
\f@nch@offset@elh=\skip63
\f@nch@offset@erh=\skip64
\f@nch@offset@olh=\skip65
\f@nch@offset@orh=\skip66
\f@nch@offset@elf=\skip67
\f@nch@offset@erf=\skip68
\f@nch@offset@olf=\skip69
\f@nch@offset@orf=\skip70
\f@nch@height=\skip71
\f@nch@footalignment=\skip72
\f@nch@widthL=\skip73
\f@nch@widthC=\skip74
\f@nch@widthR=\skip75
\@temptokenb=\toks32
) (C:\Users\tgave\AppData\Local\Programs\MiKTeX\tex/latex/caption\caption.sty
Package: caption 2023/08/05 v3.6o Customizing captions (AR)
 (C:\Users\tgave\AppData\Local\Programs\MiKTeX\tex/latex/caption\caption3.sty
Package: caption3 2023/07/31 v2.4d caption3 kernel (AR)
\caption@tempdima=\dimen186
\captionmargin=\dimen187
\caption@leftmargin=\dimen188
\caption@rightmargin=\dimen189
\caption@width=\dimen190
\caption@indent=\dimen191
\caption@parindent=\dimen192
\caption@hangindent=\dimen193
Package caption Info: Standard document class detected.
)
\c@caption@flags=\count319
\c@continuedfloat=\count320
Package caption Info: hyperref package is loaded.
) (C:\Users\tgave\AppData\Local\Programs\MiKTeX\tex/latex/caption\subcaption.sty
Package: subcaption 2023/07/28 v1.6b Sub-captions (AR)
Package caption Info: New subtype `subfigure' on input line 238.
\c@subfigure=\count321
Package caption Info: New subtype `subtable' on input line 238.
\c@subtable=\count322
) (C:\Users\tgave\AppData\Local\Programs\MiKTeX\tex/latex/wrapfig\wrapfig.sty
\wrapoverhang=\dimen194
\WF@size=\dimen195
\c@WF@wrappedlines=\count323
\WF@box=\box58
\WF@everypar=\toks33
Package: wrapfig 2003/01/31  v 3.6
) (C:\Users\tgave\AppData\Local\Programs\MiKTeX\tex/latex/float\float.sty
Package: float 2001/11/08 v1.3d Float enhancements (AL)
\c@float@type=\count324
\float@exts=\toks34
\float@box=\box59
\@float@everytoks=\toks35
\@floatcapt=\box60
) (C:\Users\tgave\AppData\Local\Programs\MiKTeX\tex/latex/setspace\setspace.sty
Package: setspace 2022/12/04 v6.7b set line spacing
) (C:\Users\tgave\AppData\Local\Programs\MiKTeX\tex/latex/psnfss\helvet.sty
Package: helvet 2020/03/25 PSNFSS-v9.3 (WaS) 
) (C:\Users\tgave\AppData\Local\Programs\MiKTeX\tex/latex/psnfss\courier.sty
Package: courier 2020/03/25 PSNFSS-v9.3 (WaS) 
) (C:\Users\tgave\AppData\Local\Programs\MiKTeX\tex/latex/psnfss\palatino.sty
Package: palatino 2020/03/25 PSNFSS-v9.3 (SPQR) 
) (C:\Users\tgave\AppData\Local\Programs\MiKTeX\tex/latex/xmpincl\xmpincl.sty
Package: xmpincl 2021/09/22 v2.4 Include XMP data in pdflatex
 (C:\Users\tgave\AppData\Local\Programs\MiKTeX\tex/generic/iftex\ifpdf.sty
Package: ifpdf 2019/10/25 v3.4 ifpdf legacy package. Use iftex instead.
)) (C:\Users\tgave\AppData\Local\Programs\MiKTeX\tex/latex/xcolor\xcolor.sty
Package: xcolor 2024/09/29 v3.02 LaTeX color extensions (UK)
 (C:\Users\tgave\AppData\Local\Programs\MiKTeX\tex/latex/graphics-cfg\color.cfg
File: color.cfg 2016/01/02 v1.6 sample color configuration
)

Package xcolor Warning: Package option `hyperref' is obsolete and ignored on input line 265.

Package xcolor Info: Driver file: pdftex.def on input line 274.
(C:\Users\tgave\AppData\Local\Programs\MiKTeX\tex/latex/graphics-def\pdftex.def
File: pdftex.def 2024/04/13 v1.2c Graphics/color driver for pdftex
) (C:\Users\tgave\AppData\Local\Programs\MiKTeX\tex/latex/graphics\mathcolor.ltx)
Package xcolor Info: Model `cmy' substituted by `cmy0' on input line 1349.
Package xcolor Info: Model `hsb' substituted by `rgb' on input line 1353.
Package xcolor Info: Model `RGB' extended on input line 1365.
Package xcolor Info: Model `HTML' substituted by `rgb' on input line 1367.
Package xcolor Info: Model `Hsb' substituted by `hsb' on input line 1368.
Package xcolor Info: Model `tHsb' substituted by `hsb' on input line 1369.
Package xcolor Info: Model `HSB' substituted by `hsb' on input line 1370.
Package xcolor Info: Model `Gray' substituted by `gray' on input line 1371.
Package xcolor Info: Model `wave' substituted by `hsb' on input line 1372.
) (C:\Users\tgave\AppData\Local\Programs\MiKTeX\tex/latex/graphics\graphicx.sty
Package: graphicx 2021/09/16 v1.2d Enhanced LaTeX Graphics (DPC,SPQR)
 (C:\Users\tgave\AppData\Local\Programs\MiKTeX\tex/latex/graphics\graphics.sty
Package: graphics 2024/08/06 v1.4g Standard LaTeX Graphics (DPC,SPQR)
 (C:\Users\tgave\AppData\Local\Programs\MiKTeX\tex/latex/graphics\trig.sty
Package: trig 2023/12/02 v1.11 sin cos tan (DPC)
) (C:\Users\tgave\AppData\Local\Programs\MiKTeX\tex/latex/graphics-cfg\graphics.cfg
File: graphics.cfg 2016/06/04 v1.11 sample graphics configuration
)
Package graphics Info: Driver file: pdftex.def on input line 106.
)
\Gin@req@height=\dimen196
\Gin@req@width=\dimen197
) (C:\Users\tgave\AppData\Local\Programs\MiKTeX\tex/latex/pgf/frontendlayer\tikz.sty (C:\Users\tgave\AppData\Local\Programs\MiKTeX\tex/latex/pgf/basiclayer\pgf.sty (C:\Users\tgave\AppData\Local\Programs\MiKTeX\tex/latex/pgf/utilities\pgfrcs.sty (C:\Users\tgave\AppData\Local\Programs\MiKTeX\tex/generic/pgf/utilities\pgfutil-common.tex
\pgfutil@everybye=\toks36
\pgfutil@tempdima=\dimen198
\pgfutil@tempdimb=\dimen199
) (C:\Users\tgave\AppData\Local\Programs\MiKTeX\tex/generic/pgf/utilities\pgfutil-latex.def
\pgfutil@abb=\box61
) (C:\Users\tgave\AppData\Local\Programs\MiKTeX\tex/generic/pgf/utilities\pgfrcs.code.tex (C:\Users\tgave\AppData\Local\Programs\MiKTeX\tex/generic/pgf\pgf.revision.tex)
Package: pgfrcs 2023-01-15 v3.1.10 (3.1.10)
))
Package: pgf 2023-01-15 v3.1.10 (3.1.10)
 (C:\Users\tgave\AppData\Local\Programs\MiKTeX\tex/latex/pgf/basiclayer\pgfcore.sty (C:\Users\tgave\AppData\Local\Programs\MiKTeX\tex/latex/pgf/systemlayer\pgfsys.sty (C:\Users\tgave\AppData\Local\Programs\MiKTeX\tex/generic/pgf/systemlayer\pgfsys.code.tex
Package: pgfsys 2023-01-15 v3.1.10 (3.1.10)
 (C:\Users\tgave\AppData\Local\Programs\MiKTeX\tex/generic/pgf/utilities\pgfkeys.code.tex
\pgfkeys@pathtoks=\toks37
\pgfkeys@temptoks=\toks38
 (C:\Users\tgave\AppData\Local\Programs\MiKTeX\tex/generic/pgf/utilities\pgfkeyslibraryfiltered.code.tex
\pgfkeys@tmptoks=\toks39
))
\pgf@x=\dimen256
\pgf@y=\dimen257
\pgf@xa=\dimen258
\pgf@ya=\dimen259
\pgf@xb=\dimen260
\pgf@yb=\dimen261
\pgf@xc=\dimen262
\pgf@yc=\dimen263
\pgf@xd=\dimen264
\pgf@yd=\dimen265
\w@pgf@writea=\write3
\r@pgf@reada=\read4
\c@pgf@counta=\count325
\c@pgf@countb=\count326
\c@pgf@countc=\count327
\c@pgf@countd=\count328
\t@pgf@toka=\toks40
\t@pgf@tokb=\toks41
\t@pgf@tokc=\toks42
\pgf@sys@id@count=\count329
 (C:\Users\tgave\AppData\Local\Programs\MiKTeX\tex/generic/pgf/systemlayer\pgf.cfg
File: pgf.cfg 2023-01-15 v3.1.10 (3.1.10)
)
Driver file for pgf: pgfsys-pdftex.def
 (C:\Users\tgave\AppData\Local\Programs\MiKTeX\tex/generic/pgf/systemlayer\pgfsys-pdftex.def
File: pgfsys-pdftex.def 2023-01-15 v3.1.10 (3.1.10)
 (C:\Users\tgave\AppData\Local\Programs\MiKTeX\tex/generic/pgf/systemlayer\pgfsys-common-pdf.def
File: pgfsys-common-pdf.def 2023-01-15 v3.1.10 (3.1.10)
))) (C:\Users\tgave\AppData\Local\Programs\MiKTeX\tex/generic/pgf/systemlayer\pgfsyssoftpath.code.tex
File: pgfsyssoftpath.code.tex 2023-01-15 v3.1.10 (3.1.10)
\pgfsyssoftpath@smallbuffer@items=\count330
\pgfsyssoftpath@bigbuffer@items=\count331
) (C:\Users\tgave\AppData\Local\Programs\MiKTeX\tex/generic/pgf/systemlayer\pgfsysprotocol.code.tex
File: pgfsysprotocol.code.tex 2023-01-15 v3.1.10 (3.1.10)
))

Package xcolor Warning: Package option `hyperref' is obsolete and ignored on input line 14.

(C:\Users\tgave\AppData\Local\Programs\MiKTeX\tex/generic/pgf/basiclayer\pgfcore.code.tex
Package: pgfcore 2023-01-15 v3.1.10 (3.1.10)
 (C:\Users\tgave\AppData\Local\Programs\MiKTeX\tex/generic/pgf/math\pgfmath.code.tex (C:\Users\tgave\AppData\Local\Programs\MiKTeX\tex/generic/pgf/math\pgfmathutil.code.tex) (C:\Users\tgave\AppData\Local\Programs\MiKTeX\tex/generic/pgf/math\pgfmathparser.code.tex
\pgfmath@dimen=\dimen266
\pgfmath@count=\count332
\pgfmath@box=\box62
\pgfmath@toks=\toks43
\pgfmath@stack@operand=\toks44
\pgfmath@stack@operation=\toks45
) (C:\Users\tgave\AppData\Local\Programs\MiKTeX\tex/generic/pgf/math\pgfmathfunctions.code.tex) (C:\Users\tgave\AppData\Local\Programs\MiKTeX\tex/generic/pgf/math\pgfmathfunctions.basic.code.tex) (C:\Users\tgave\AppData\Local\Programs\MiKTeX\tex/generic/pgf/math\pgfmathfunctions.trigonometric.code.tex) (C:\Users\tgave\AppData\Local\Programs\MiKTeX\tex/generic/pgf/math\pgfmathfunctions.random.code.tex) (C:\Users\tgave\AppData\Local\Programs\MiKTeX\tex/generic/pgf/math\pgfmathfunctions.comparison.code.tex) (C:\Users\tgave\AppData\Local\Programs\MiKTeX\tex/generic/pgf/math\pgfmathfunctions.base.code.tex) (C:\Users\tgave\AppData\Local\Programs\MiKTeX\tex/generic/pgf/math\pgfmathfunctions.round.code.tex) (C:\Users\tgave\AppData\Local\Programs\MiKTeX\tex/generic/pgf/math\pgfmathfunctions.misc.code.tex) (C:\Users\tgave\AppData\Local\Programs\MiKTeX\tex/generic/pgf/math\pgfmathfunctions.integerarithmetics.code.tex) (C:\Users\tgave\AppData\Local\Programs\MiKTeX\tex/generic/pgf/math\pgfmathcalc.code.tex) (C:\Users\tgave\AppData\Local\Programs\MiKTeX\tex/generic/pgf/math\pgfmathfloat.code.tex
\c@pgfmathroundto@lastzeros=\count333
)) (C:\Users\tgave\AppData\Local\Programs\MiKTeX\tex/generic/pgf/math\pgfint.code.tex) (C:\Users\tgave\AppData\Local\Programs\MiKTeX\tex/generic/pgf/basiclayer\pgfcorepoints.code.tex
File: pgfcorepoints.code.tex 2023-01-15 v3.1.10 (3.1.10)
\pgf@picminx=\dimen267
\pgf@picmaxx=\dimen268
\pgf@picminy=\dimen269
\pgf@picmaxy=\dimen270
\pgf@pathminx=\dimen271
\pgf@pathmaxx=\dimen272
\pgf@pathminy=\dimen273
\pgf@pathmaxy=\dimen274
\pgf@xx=\dimen275
\pgf@xy=\dimen276
\pgf@yx=\dimen277
\pgf@yy=\dimen278
\pgf@zx=\dimen279
\pgf@zy=\dimen280
) (C:\Users\tgave\AppData\Local\Programs\MiKTeX\tex/generic/pgf/basiclayer\pgfcorepathconstruct.code.tex
File: pgfcorepathconstruct.code.tex 2023-01-15 v3.1.10 (3.1.10)
\pgf@path@lastx=\dimen281
\pgf@path@lasty=\dimen282
) (C:\Users\tgave\AppData\Local\Programs\MiKTeX\tex/generic/pgf/basiclayer\pgfcorepathusage.code.tex
File: pgfcorepathusage.code.tex 2023-01-15 v3.1.10 (3.1.10)
\pgf@shorten@end@additional=\dimen283
\pgf@shorten@start@additional=\dimen284
) (C:\Users\tgave\AppData\Local\Programs\MiKTeX\tex/generic/pgf/basiclayer\pgfcorescopes.code.tex
File: pgfcorescopes.code.tex 2023-01-15 v3.1.10 (3.1.10)
\pgfpic=\box63
\pgf@hbox=\box64
\pgf@layerbox@main=\box65
\pgf@picture@serial@count=\count334
) (C:\Users\tgave\AppData\Local\Programs\MiKTeX\tex/generic/pgf/basiclayer\pgfcoregraphicstate.code.tex
File: pgfcoregraphicstate.code.tex 2023-01-15 v3.1.10 (3.1.10)
\pgflinewidth=\dimen285
) (C:\Users\tgave\AppData\Local\Programs\MiKTeX\tex/generic/pgf/basiclayer\pgfcoretransformations.code.tex
File: pgfcoretransformations.code.tex 2023-01-15 v3.1.10 (3.1.10)
\pgf@pt@x=\dimen286
\pgf@pt@y=\dimen287
\pgf@pt@temp=\dimen288
) (C:\Users\tgave\AppData\Local\Programs\MiKTeX\tex/generic/pgf/basiclayer\pgfcorequick.code.tex
File: pgfcorequick.code.tex 2023-01-15 v3.1.10 (3.1.10)
) (C:\Users\tgave\AppData\Local\Programs\MiKTeX\tex/generic/pgf/basiclayer\pgfcoreobjects.code.tex
File: pgfcoreobjects.code.tex 2023-01-15 v3.1.10 (3.1.10)
) (C:\Users\tgave\AppData\Local\Programs\MiKTeX\tex/generic/pgf/basiclayer\pgfcorepathprocessing.code.tex
File: pgfcorepathprocessing.code.tex 2023-01-15 v3.1.10 (3.1.10)
) (C:\Users\tgave\AppData\Local\Programs\MiKTeX\tex/generic/pgf/basiclayer\pgfcorearrows.code.tex
File: pgfcorearrows.code.tex 2023-01-15 v3.1.10 (3.1.10)
\pgfarrowsep=\dimen289
) (C:\Users\tgave\AppData\Local\Programs\MiKTeX\tex/generic/pgf/basiclayer\pgfcoreshade.code.tex
File: pgfcoreshade.code.tex 2023-01-15 v3.1.10 (3.1.10)
\pgf@max=\dimen290
\pgf@sys@shading@range@num=\count335
\pgf@shadingcount=\count336
) (C:\Users\tgave\AppData\Local\Programs\MiKTeX\tex/generic/pgf/basiclayer\pgfcoreimage.code.tex
File: pgfcoreimage.code.tex 2023-01-15 v3.1.10 (3.1.10)
) (C:\Users\tgave\AppData\Local\Programs\MiKTeX\tex/generic/pgf/basiclayer\pgfcoreexternal.code.tex
File: pgfcoreexternal.code.tex 2023-01-15 v3.1.10 (3.1.10)
\pgfexternal@startupbox=\box66
) (C:\Users\tgave\AppData\Local\Programs\MiKTeX\tex/generic/pgf/basiclayer\pgfcorelayers.code.tex
File: pgfcorelayers.code.tex 2023-01-15 v3.1.10 (3.1.10)
) (C:\Users\tgave\AppData\Local\Programs\MiKTeX\tex/generic/pgf/basiclayer\pgfcoretransparency.code.tex
File: pgfcoretransparency.code.tex 2023-01-15 v3.1.10 (3.1.10)
) (C:\Users\tgave\AppData\Local\Programs\MiKTeX\tex/generic/pgf/basiclayer\pgfcorepatterns.code.tex
File: pgfcorepatterns.code.tex 2023-01-15 v3.1.10 (3.1.10)
) (C:\Users\tgave\AppData\Local\Programs\MiKTeX\tex/generic/pgf/basiclayer\pgfcorerdf.code.tex
File: pgfcorerdf.code.tex 2023-01-15 v3.1.10 (3.1.10)
))) (C:\Users\tgave\AppData\Local\Programs\MiKTeX\tex/generic/pgf/modules\pgfmoduleshapes.code.tex
File: pgfmoduleshapes.code.tex 2023-01-15 v3.1.10 (3.1.10)
\pgfnodeparttextbox=\box67
) (C:\Users\tgave\AppData\Local\Programs\MiKTeX\tex/generic/pgf/modules\pgfmoduleplot.code.tex
File: pgfmoduleplot.code.tex 2023-01-15 v3.1.10 (3.1.10)
) (C:\Users\tgave\AppData\Local\Programs\MiKTeX\tex/latex/pgf/compatibility\pgfcomp-version-0-65.sty
Package: pgfcomp-version-0-65 2023-01-15 v3.1.10 (3.1.10)
\pgf@nodesepstart=\dimen291
\pgf@nodesepend=\dimen292
) (C:\Users\tgave\AppData\Local\Programs\MiKTeX\tex/latex/pgf/compatibility\pgfcomp-version-1-18.sty
Package: pgfcomp-version-1-18 2023-01-15 v3.1.10 (3.1.10)
)) (C:\Users\tgave\AppData\Local\Programs\MiKTeX\tex/latex/pgf/utilities\pgffor.sty (C:\Users\tgave\AppData\Local\Programs\MiKTeX\tex/latex/pgf/utilities\pgfkeys.sty (C:\Users\tgave\AppData\Local\Programs\MiKTeX\tex/generic/pgf/utilities\pgfkeys.code.tex)) (C:\Users\tgave\AppData\Local\Programs\MiKTeX\tex/latex/pgf/math\pgfmath.sty (C:\Users\tgave\AppData\Local\Programs\MiKTeX\tex/generic/pgf/math\pgfmath.code.tex)) (C:\Users\tgave\AppData\Local\Programs\MiKTeX\tex/generic/pgf/utilities\pgffor.code.tex
Package: pgffor 2023-01-15 v3.1.10 (3.1.10)
\pgffor@iter=\dimen293
\pgffor@skip=\dimen294
\pgffor@stack=\toks46
\pgffor@toks=\toks47
)) (C:\Users\tgave\AppData\Local\Programs\MiKTeX\tex/generic/pgf/frontendlayer/tikz\tikz.code.tex
Package: tikz 2023-01-15 v3.1.10 (3.1.10)
 (C:\Users\tgave\AppData\Local\Programs\MiKTeX\tex/generic/pgf/libraries\pgflibraryplothandlers.code.tex
File: pgflibraryplothandlers.code.tex 2023-01-15 v3.1.10 (3.1.10)
\pgf@plot@mark@count=\count337
\pgfplotmarksize=\dimen295
)
\tikz@lastx=\dimen296
\tikz@lasty=\dimen297
\tikz@lastxsaved=\dimen298
\tikz@lastysaved=\dimen299
\tikz@lastmovetox=\dimen300
\tikz@lastmovetoy=\dimen301
\tikzleveldistance=\dimen302
\tikzsiblingdistance=\dimen303
\tikz@figbox=\box68
\tikz@figbox@bg=\box69
\tikz@tempbox=\box70
\tikz@tempbox@bg=\box71
\tikztreelevel=\count338
\tikznumberofchildren=\count339
\tikznumberofcurrentchild=\count340
\tikz@fig@count=\count341
 (C:\Users\tgave\AppData\Local\Programs\MiKTeX\tex/generic/pgf/modules\pgfmodulematrix.code.tex
File: pgfmodulematrix.code.tex 2023-01-15 v3.1.10 (3.1.10)
\pgfmatrixcurrentrow=\count342
\pgfmatrixcurrentcolumn=\count343
\pgf@matrix@numberofcolumns=\count344
)
\tikz@expandcount=\count345
 (C:\Users\tgave\AppData\Local\Programs\MiKTeX\tex/generic/pgf/frontendlayer/tikz/libraries\tikzlibrarytopaths.code.tex
File: tikzlibrarytopaths.code.tex 2023-01-15 v3.1.10 (3.1.10)
))) (C:\Users\tgave\AppData\Local\Programs\MiKTeX\tex/latex/ctable\ctable.sty
Package: ctable 2015/10/17 v1.31 ctable package for flexible typesetting of table and figure floats using key/value directives


Package xcolor Warning: Package option `hyperref' is obsolete and ignored on input line 28.

(C:\Users\tgave\AppData\Local\Programs\MiKTeX\tex/latex/xkeyval\xkeyval.sty
Package: xkeyval 2022/06/16 v2.9 package option processing (HA)
 (C:\Users\tgave\AppData\Local\Programs\MiKTeX\tex/generic/xkeyval\xkeyval.tex (C:\Users\tgave\AppData\Local\Programs\MiKTeX\tex/generic/xkeyval\xkvutils.tex
\XKV@toks=\toks48
\XKV@tempa@toks=\toks49
)
\XKV@depth=\count346
File: xkeyval.tex 2014/12/03 v2.7a key=value parser (HA)
)) (C:\Users\tgave\AppData\Local\Programs\MiKTeX\tex/latex/tools\array.sty
Package: array 2024/10/17 v2.6g Tabular extension package (FMi)
\col@sep=\dimen304
\ar@mcellbox=\box72
\extrarowheight=\dimen305
\NC@list=\toks50
\extratabsurround=\skip76
\backup@length=\skip77
\ar@cellbox=\box73
) (C:\Users\tgave\AppData\Local\Programs\MiKTeX\tex/latex/tools\tabularx.sty
Package: tabularx 2023/12/11 v2.12a `tabularx' package (DPC)
\TX@col@width=\dimen306
\TX@old@table=\dimen307
\TX@old@col=\dimen308
\TX@target=\dimen309
\TX@delta=\dimen310
\TX@cols=\count347
\TX@ftn=\toks51
) (C:\Users\tgave\AppData\Local\Programs\MiKTeX\tex/latex/graphics\rotating.sty
Package: rotating 2016/08/11 v2.16d rotated objects in LaTeX
\c@r@tfl@t=\count348
\rotFPtop=\skip78
\rotFPbot=\skip79
\rot@float@box=\box74
\rot@mess@toks=\toks52
)

Package ctable Warning:  Transparency disabled: incompatible with tikz package  on input line 36.

\@CTframesep=\dimen311
\@dfltCTframesep=\dimen312
\@CTframerule=\dimen313
\@dfltCTframerule=\dimen314
\@CTwidth=\dimen315
\@dfltCTwidth=\dimen316
\@CTcaptionskip=\dimen317
\@dfltCTcaptionskip=\dimen318
\@CTmaxwidth=\dimen319
\@dfltCTmaxwidth=\dimen320
\@CTmincapwidth=\dimen321
\@dfltCTmincapwidth=\dimen322
\@CTfooterwidth=\dimen323
\@dfltCTfooterwidth=\dimen324
\@CTw=\dimen325
\@CTfloatwidth=\dimen326
\@CToldsep=\dimen327
\@CToldrule=\dimen328
\CT@t=\box75
\@CTcurftwidth=\dimen329
) (C:\Users\tgave\AppData\Local\Programs\MiKTeX\tex/latex/l3kernel\expl3.sty
Package: expl3 2025-01-18 L3 programming layer (loader) 
 (C:\Users\tgave\AppData\Local\Programs\MiKTeX\tex/latex/l3backend\l3backend-pdftex.def
File: l3backend-pdftex.def 2024-05-08 L3 backend support: PDF output (pdfTeX)
\l__color_backend_stack_int=\count349
\l__pdf_internal_box=\box76
)) (C:\Users\tgave\AppData\Local\Programs\MiKTeX\tex/latex/algorithms\algorithm.sty
Package: algorithm 2009/08/24 v0.1 Document Style `algorithm' - floating environment
\@float@every@algorithm=\toks53
\c@algorithm=\count350
) (C:\Users\tgave\AppData\Local\Programs\MiKTeX\tex/latex/algorithmicx\algorithmicx.sty
Package: algorithmicx 2005/04/27 v1.2 Algorithmicx

Document Style algorithmicx 1.2 - a greatly improved `algorithmic' style
\c@ALG@line=\count351
\c@ALG@rem=\count352
\c@ALG@nested=\count353
\ALG@tlm=\skip80
\ALG@thistlm=\skip81
\c@ALG@Lnr=\count354
\c@ALG@blocknr=\count355
\c@ALG@storecount=\count356
\c@ALG@tmpcounter=\count357
\ALG@tmplength=\skip82
) (C:\Users\tgave\AppData\Local\Programs\MiKTeX\tex/latex/algorithmicx\algpseudocode.sty
Package: algpseudocode 

Document Style - pseudocode environments for use with the `algorithmicx' style
) (C:\Users\tgave\AppData\Local\Programs\MiKTeX\tex/latex/acronym\acronym.sty
Package: acronym 2025/01/17 v1.50 Support for acronyms (Tobias Oetiker)
 (C:\Users\tgave\AppData\Local\Programs\MiKTeX\tex/latex/bigfoot\suffix.sty
Package: suffix 2006/07/15 1.5a Variant command support
) (C:\Users\tgave\AppData\Local\Programs\MiKTeX\tex/latex/xstring\xstring.sty (C:\Users\tgave\AppData\Local\Programs\MiKTeX\tex/generic/xstring\xstring.tex
\xs_counta=\count358
\xs_countb=\count359
)
Package: xstring 2023/08/22 v1.86 String manipulations (CT)
)
\AC@clearlist=\toks54
) (C:\Users\tgave\AppData\Local\Programs\MiKTeX\tex/latex/glossaries/base\glossaries.sty
Package: glossaries 2025/05/14 v4.7 (NLCT)
 (C:\Users\tgave\AppData\Local\Programs\MiKTeX\tex/latex/mfirstuc\mfirstuc.sty
Package: mfirstuc 2025/04/03 v2.09 (NLCT)
\@glsmfirst=\toks55
\@glsmrest=\toks56
) (C:\Users\tgave\AppData\Local\Programs\MiKTeX\tex/latex/xfor\xfor.sty
Package: xfor 2009/02/05 v1.05 (NLCT)
) (C:\Users\tgave\AppData\Local\Programs\MiKTeX\tex/latex/tracklang\tracklang.sty
Package: tracklang 2025/03/11 v1.6.6 (NLCT) Track Languages
 (C:\Users\tgave\AppData\Local\Programs\MiKTeX\tex/generic/tracklang\tracklang.tex)
Package tracklang Info: Tracking dialect `english' (language `english') on input line 264.
Package tracklang Info: Tracking dialect `portuguese' (language `portuges') on input line 264.
Package tracklang Info: Tracking dialect `english' (language `english') on input line 264.
Package tracklang Info: Tracking dialect `portuguese' (language `portuges') on input line 264.
Package tracklang Info: Tracking dialect `english' (language `english') on input line 264.
Package tracklang Info: Tracking dialect `portuguese' (language `portuges') on input line 264.
) (C:\Users\tgave\AppData\Local\Programs\MiKTeX\tex/latex/glossaries-english\glossaries-english.ldf
File: glossaries-english.ldf 2014/11/23 v1.0
) (C:\Users\tgave\AppData\Local\Programs\MiKTeX\tex/latex/glossaries-portuges\glossaries-portuges.ldf
File: glossaries-portuges.ldf 2014/11/23 v1.0
 (C:\Users\tgave\AppData\Local\Programs\MiKTeX\tex/latex/glossaries-portuges\glossaries-portuges-utf8.ldf)) (C:\Users\tgave\AppData\Local\Programs\MiKTeX\tex/latex/datatool\datatool-base.sty
Package: datatool-base 2025/04/25 v3.4.1 (NLCT)
 (C:\Users\tgave\AppData\Local\Programs\MiKTeX\tex/latex/datatool\datatool-l3fp.def
File: datatool-l3fp.def 2025/04/25 v3.4.1 (NLCT)
)
\@dtl@toks=\toks57
\@dtl@tmpcount=\count360
\dtl@tmplength=\skip83
\l__datatool_measure_box=\box77
\dtl@sortresult=\count361
 (C:\Users\tgave\AppData\Local\Programs\MiKTeX\tex/latex/datatool\datatool-utf8.ldf
File: datatool-utf8.ldf 2025/04/25 v3.4.1 (NLCT)
)
\@dtl@datatype=\count362
\l__datatool_tmpa_int=\count363
\l__datatool_tmpb_int=\count364
\l__datatool_tmpc_int=\count365
\l__datatool_tmpd_int=\count366
\l__datatool_count_int=\count367
\l__datatool_tmp_datatype_int=\count368
\l__datatool_tmpa_dim=\dimen330
\l__datatool_tmpb_dim=\dimen331
\c_datatool_unknown_int=\count369
\l__datatool_year_int=\count370
\l__datatool_month_int=\count371
\l__datatool_day_int=\count372
\l__datatool_hour_int=\count373
\l__datatool_minute_int=\count374
\l__datatool_second_int=\count375
\l__datatool_tzhour_int=\count376
\l__datatool_tzminute_int=\count377
\l__datatool_julian_int=\count378
\l__datatool_local_julian_int=\count379
\l__datatool_prefix_int=\count380
\l__datatool_suffix_int=\count381
\@dtl@foreach@level=\count382


Package tracklang Warning: No `datatool' support for dialect `english'  on input line 9908.


Package tracklang Warning: No `datatool' support for dialect `portuguese'  on input line 9908.

\dtl@codeA=\count383
\dtl@codeB=\count384
)
\g__glossary_main_sortcount_int=\count385
\g__glossary_acronym_sortcount_int=\count386
\gls@level=\count387
\@gls@tmpb=\toks58
\gls@tmplen=\skip84
\l__glossaries_tmpa_dim=\dimen332
\l__glossaries_tmpb_dim=\dimen333
\glskeylisttok=\toks59
\glslabeltok=\toks60
\glsshorttok=\toks61
\glslongtok=\toks62
 (C:\Users\tgave\AppData\Local\Programs\MiKTeX\tex/latex/glossaries/styles\glossary-hypernav.sty
Package: glossary-hypernav 2025/05/14 v4.7 (NLCT)
) (C:\Users\tgave\AppData\Local\Programs\MiKTeX\tex/latex/glossaries/styles\glossary-list.sty
Package: glossary-list 2025/05/14 v4.7 (NLCT)
\glslistdottedwidth=\skip85
) (C:\Users\tgave\AppData\Local\Programs\MiKTeX\tex/latex/glossaries/styles\glossary-long.sty
Package: glossary-long 2025/05/14 v4.7 (NLCT)
 (C:\Users\tgave\AppData\Local\Programs\MiKTeX\tex/latex/tools\longtable.sty
Package: longtable 2024-10-27 v4.22 Multi-page Table package (DPC)
\LTleft=\skip86
\LTright=\skip87
\LTpre=\skip88
\LTpost=\skip89
\LTchunksize=\count388
\LTcapwidth=\dimen334
\LT@head=\box78
\LT@firsthead=\box79
\LT@foot=\box80
\LT@lastfoot=\box81
\LT@gbox=\box82
\LT@cols=\count389
\LT@rows=\count390
\c@LT@tables=\count391
\c@LT@chunks=\count392
\LT@p@ftn=\toks63
)
\glsdescwidth=\skip90
\glspagelistwidth=\skip91
) (C:\Users\tgave\AppData\Local\Programs\MiKTeX\tex/latex/glossaries/styles\glossary-super.sty
Package: glossary-super 2025/05/14 v4.7 (NLCT)
 (C:\Users\tgave\AppData\Local\Programs\MiKTeX\tex/latex/supertabular\supertabular.sty
Package: supertabular 2024/07/20 v4.2c the supertabular environment
\c@tracingst=\count393
\ST@wd=\dimen335
\ST@rightskip=\skip92
\ST@leftskip=\skip93
\ST@parfillskip=\skip94
\ST@pageleft=\dimen336
\ST@headht=\dimen337
\ST@tailht=\dimen338
\ST@pagesofar=\dimen339
\ST@pboxht=\dimen340
\ST@rowht=\dimen341
\ST@prevht=\dimen342
\ST@toadd=\dimen343
\ST@dimen=\dimen344
\ST@pbox=\box83
)) (C:\Users\tgave\AppData\Local\Programs\MiKTeX\tex/latex/glossaries/styles\glossary-tree.sty
Package: glossary-tree 2025/05/14 v4.7 (NLCT)
\l__glossaries_tree_max_known_level_int=\count394
\l__glossaries_tree_offset_dim=\dimen345
\l__glossaries_tree_namewidth_dim=\dimen346
\l__glossaries_tree_symbolwidth_dim=\dimen347
\l__glossaries_tree_prenamesym_width_dim=\dimen348
\l__glossaries_tree_presubnamesym_width_dim=\dimen349
\l__glossaries_tree_namewidth_padding_dim=\dimen350
\l__glossaries_tree_symbolwidth_padding_dim=\dimen351
\l__glossaries_tree_namesymbolwidth_dim=\dimen352
\l__glossaries_tree_namesymbolwidth_padding_dim=\dimen353
\l__glossaries_tree_level_int=\count395
\glstreeindent=\skip95
)) (C:\Users\tgave\AppData\Local\Programs\MiKTeX\tex/latex/listings\listings.sty
\lst@mode=\count396
\lst@gtempboxa=\box84
\lst@token=\toks64
\lst@length=\count397
\lst@currlwidth=\dimen354
\lst@column=\count398
\lst@pos=\count399
\lst@lostspace=\dimen355
\lst@width=\dimen356
\lst@newlines=\count400
\lst@lineno=\count401
\lst@maxwidth=\dimen357
 (C:\Users\tgave\AppData\Local\Programs\MiKTeX\tex/latex/listings\lstpatch.sty
File: lstpatch.sty 2024/09/23 1.10c (Carsten Heinz)
) (C:\Users\tgave\AppData\Local\Programs\MiKTeX\tex/latex/listings\lstmisc.sty
File: lstmisc.sty 2024/09/23 1.10c (Carsten Heinz)
\c@lstnumber=\count402
\lst@skipnumbers=\count403
\lst@framebox=\box85
) (C:\Users\tgave\AppData\Local\Programs\MiKTeX\tex/latex/listings\listings.cfg
File: listings.cfg 2024/09/23 1.10c listings configuration
))
Package: listings 2024/09/23 1.10c (Carsten Heinz)
 (C:\Users\tgave\AppData\Local\Programs\MiKTeX\tex/latex/fancyvrb\fancyvrb.sty
Package: fancyvrb 2024/01/20 4.5c verbatim text (tvz,hv)
\FV@CodeLineNo=\count404
\FV@InFile=\read5
\FV@TabBox=\box86
\c@FancyVerbLine=\count405
\FV@StepNumber=\count406
\FV@OutFile=\write4
) (C:\Users\tgave\AppData\Local\Programs\MiKTeX\tex/latex/fvextra\fvextra.sty
Package: fvextra 2025/05/14 v1.13.0 fvextra - extensions and patches for fancyvrb
 (C:\Users\tgave\AppData\Local\Programs\MiKTeX\tex/latex/upquote\upquote.sty
Package: upquote 2012/04/19 v1.3 upright-quote and grave-accent glyphs in verbatim
 (C:\Users\tgave\AppData\Local\Programs\MiKTeX\tex/latex/base\textcomp.sty
Package: textcomp 2024/04/24 v2.1b Standard LaTeX package
)) (C:\Users\tgave\AppData\Local\Programs\MiKTeX\tex/latex/lineno\lineno.sty
Package: lineno 2025/01/29 line numbers on paragraphs v5.4
\linenopenalty=\count407
\output=\toks65
\linenoprevgraf=\count408
\linenumbersep=\dimen358
\linenumberwidth=\dimen359
\c@linenumber=\count409
\c@pagewiselinenumber=\count410
\c@LN@truepage=\count411


Package lineno Warning: Unexpected value for option `hyperref'
(lineno)                is ignored on input line 2627.


Package lineno Warning: Option [hyperref] is obsolete.

\c@internallinenumber=\count412
\c@internallinenumbers=\count413
\quotelinenumbersep=\dimen360
\bframerule=\dimen361
\bframesep=\dimen362
\bframebox=\box87
\@LN@amsmath@ams@eqpen=\count414

LaTeX Warning: Command \@parboxrestore  has changed.
               Check if current package is valid.

LaTeX Info: Redefining \\ on input line 3187.
)

Package fvextra Warning: csquotes should be loaded after fvextra, to avoid a warning from the lineno package on input line 37.

\c@FancyVerbWriteLine=\count415
\c@FancyVerbBufferLine=\count416
\c@FV@TrueTabGroupLevel=\count417
\c@FV@TrueTabCounter=\count418
\FV@TabBox@Group=\box88
\FV@bgcolorstructbox=\box89
\FV@TmpLength=\skip96
\c@FV@HighlightLinesStart=\count419
\c@FV@HighlightLinesStop=\count420
\FV@LoopCount=\count421
\FV@NCharsBox=\box90
\FV@BreakIndent=\dimen363
\FV@BreakIndentNChars=\count422
\FV@BreakSymbolSepLeft=\dimen364
\FV@BreakSymbolSepLeftNChars=\count423
\FV@BreakSymbolSepRight=\dimen365
\FV@BreakSymbolSepRightNChars=\count424
\FV@BreakSymbolIndentLeft=\dimen366
\FV@BreakSymbolIndentLeftNChars=\count425
\FV@BreakSymbolIndentRight=\dimen367
\FV@BreakSymbolIndentRightNChars=\count426
\c@FancyVerbLineBreakLast=\count427
\FV@LineBox=\box91
\FV@LineIndentBox=\box92
\c@FV@BreakBufferDepth=\count428
\FV@LineWidth=\dimen368
) (C:\Users\tgave\AppData\Local\Programs\MiKTeX\tex/latex/pdfpages\pdfpages.sty
Package: pdfpages 2025/03/12 v0.6f Insert pages of external PDF documents (AM)
 (C:\Users\tgave\AppData\Local\Programs\MiKTeX\tex/latex/tools\calc.sty
Package: calc 2023/07/08 v4.3 Infix arithmetic (KKT,FJ)
\calc@Acount=\count429
\calc@Bcount=\count430
\calc@Adimen=\dimen369
\calc@Bdimen=\dimen370
\calc@Askip=\skip97
\calc@Bskip=\skip98
LaTeX Info: Redefining \setlength on input line 80.
LaTeX Info: Redefining \addtolength on input line 81.
\calc@Ccount=\count431
\calc@Cskip=\skip99
) (C:\Users\tgave\AppData\Local\Programs\MiKTeX\tex/latex/eso-pic\eso-pic.sty
Package: eso-pic 2023/05/03 v3.0c eso-pic (RN)
\ESO@tempdima=\dimen371
\ESO@tempdimb=\dimen372
)
\AM@pagewidth=\dimen373
\AM@pageheight=\dimen374
\AM@fboxrule=\dimen375
 (C:\Users\tgave\AppData\Local\Programs\MiKTeX\tex/latex/pdfpages\pppdftex.def
File: pppdftex.def 2025/03/12 v0.6f Pdfpages driver for pdfTeX (AM)
)
\pdfpages@includegraphics@status=\count432
\AM@pagebox=\box93
\AM@global@opts=\toks66
\AM@pagecnt=\count433
\AM@toc@title=\toks67
\AM@lof@heading=\toks68
\c@AM@survey=\count434
\AM@templatesizebox=\box94
) (C:\Users\tgave\AppData\Local\Programs\MiKTeX\tex/latex/pdflscape\pdflscape.sty
Package: pdflscape 2022-10-27 v0.13 Display of landscape pages in PDF
 (C:\Users\tgave\AppData\Local\Programs\MiKTeX\tex/latex/pdflscape\pdflscape-nometadata.sty
Package: pdflscape-nometadata 2022-10-28 v0.13 Display of landscape pages in PDF (HO)
 (C:\Users\tgave\AppData\Local\Programs\MiKTeX\tex/latex/graphics\lscape.sty
Package: lscape 2020/05/28 v3.02 Landscape Pages (DPC)
)
Package pdflscape Info: Auto-detected driver: pdftex on input line 81.
)) (defaults.tex)
\@theauthorcount=\count435
\@theadvisercount=\count436
\@chapcount=\count437
\@appxcount=\count438
 (C:\Users\tgave\AppData\Local\Programs\MiKTeX\tex/latex/totalcount\totalcount.sty
Package: totalcount 2018/01/21 v1.0a Total values of counters (AR)
\c@totalcount@figure=\count439
\c@totalcount@table=\count440
\c@totalcount@lstlisting=\count441
) (reportisel-files/frontpage.clo) (C:\Users\tgave\AppData\Local\Programs\MiKTeX\tex/latex/biblatex\biblatex.sty
Package: biblatex 2024/03/21 v3.20 programmable bibliographies (PK/MW)
 (C:\Users\tgave\AppData\Local\Programs\MiKTeX\tex/latex/logreq\logreq.sty
Package: logreq 2010/08/04 v1.0 xml request logger
\lrq@indent=\count442
 (C:\Users\tgave\AppData\Local\Programs\MiKTeX\tex/latex/logreq\logreq.def
File: logreq.def 2010/08/04 v1.0 logreq spec v1.0
))
\c@tabx@nest=\count443
\c@listtotal=\count444
\c@listcount=\count445
\c@liststart=\count446
\c@liststop=\count447
\c@citecount=\count448
\c@citetotal=\count449
\c@multicitecount=\count450
\c@multicitetotal=\count451
\c@instcount=\count452
\c@maxnames=\count453
\c@minnames=\count454
\c@maxitems=\count455
\c@minitems=\count456
\c@citecounter=\count457
\c@maxcitecounter=\count458
\c@savedcitecounter=\count459
\c@uniquelist=\count460
\c@uniquename=\count461
\c@refsection=\count462
\c@refsegment=\count463
\c@maxextratitle=\count464
\c@maxextratitleyear=\count465
\c@maxextraname=\count466
\c@maxextradate=\count467
\c@maxextraalpha=\count468
\c@abbrvpenalty=\count469
\c@highnamepenalty=\count470
\c@lownamepenalty=\count471
\c@maxparens=\count472
\c@parenlevel=\count473
\blx@tempcnta=\count474
\blx@tempcntb=\count475
\blx@tempcntc=\count476
\c@blx@maxsection=\count477
\blx@maxsegment@0=\count478
\blx@notetype=\count479
\blx@parenlevel@text=\count480
\blx@parenlevel@foot=\count481
\blx@sectionciteorder@0=\count482
\blx@sectionciteorderinternal@0=\count483
\blx@entrysetcounter=\count484
\blx@biblioinstance=\count485
\labelnumberwidth=\skip100
\labelalphawidth=\skip101
\biblabelsep=\skip102
\bibitemsep=\skip103
\bibnamesep=\skip104
\bibinitsep=\skip105
\bibparsep=\skip106
\bibhang=\skip107
\blx@bcfin=\read6
\blx@bcfout=\write5
\blx@langwohyphens=\language80
\c@mincomprange=\count486
\c@maxcomprange=\count487
\c@mincompwidth=\count488
Package biblatex Info: Trying to load biblatex default data model...
Package biblatex Info: ... file 'blx-dm.def' found.
 (C:\Users\tgave\AppData\Local\Programs\MiKTeX\tex/latex/biblatex\blx-dm.def
File: blx-dm.def 2024/03/21 v3.20 biblatex datamodel (PK/MW)
)
Package biblatex Info: Trying to load biblatex style data model...
Package biblatex Info: ... file 'ieee.dbx' not found.
Package biblatex Info: Trying to load biblatex custom data model...
Package biblatex Info: ... file 'biblatex-dm.cfg' not found.
\c@afterword=\count489
\c@savedafterword=\count490
\c@annotator=\count491
\c@savedannotator=\count492
\c@author=\count493
\c@savedauthor=\count494
\c@bookauthor=\count495
\c@savedbookauthor=\count496
\c@commentator=\count497
\c@savedcommentator=\count498
\c@editor=\count499
\c@savededitor=\count500
\c@editora=\count501
\c@savededitora=\count502
\c@editorb=\count503
\c@savededitorb=\count504
\c@editorc=\count505
\c@savededitorc=\count506
\c@foreword=\count507
\c@savedforeword=\count508
\c@holder=\count509
\c@savedholder=\count510
\c@introduction=\count511
\c@savedintroduction=\count512
\c@namea=\count513
\c@savednamea=\count514
\c@nameb=\count515
\c@savednameb=\count516
\c@namec=\count517
\c@savednamec=\count518
\c@translator=\count519
\c@savedtranslator=\count520
\c@shortauthor=\count521
\c@savedshortauthor=\count522
\c@shorteditor=\count523
\c@savedshorteditor=\count524
\c@labelname=\count525
\c@savedlabelname=\count526
\c@institution=\count527
\c@savedinstitution=\count528
\c@lista=\count529
\c@savedlista=\count530
\c@listb=\count531
\c@savedlistb=\count532
\c@listc=\count533
\c@savedlistc=\count534
\c@listd=\count535
\c@savedlistd=\count536
\c@liste=\count537
\c@savedliste=\count538
\c@listf=\count539
\c@savedlistf=\count540
\c@location=\count541
\c@savedlocation=\count542
\c@organization=\count543
\c@savedorganization=\count544
\c@origlocation=\count545
\c@savedoriglocation=\count546
\c@origpublisher=\count547
\c@savedorigpublisher=\count548
\c@publisher=\count549
\c@savedpublisher=\count550
\c@language=\count551
\c@savedlanguage=\count552
\c@origlanguage=\count553
\c@savedoriglanguage=\count554
\c@pageref=\count555
\c@savedpageref=\count556
\shorthandwidth=\skip108
\shortjournalwidth=\skip109
\shortserieswidth=\skip110
\shorttitlewidth=\skip111
\shortauthorwidth=\skip112
\shorteditorwidth=\skip113
\locallabelnumberwidth=\skip114
\locallabelalphawidth=\skip115
\localshorthandwidth=\skip116
\localshortjournalwidth=\skip117
\localshortserieswidth=\skip118
\localshorttitlewidth=\skip119
\localshortauthorwidth=\skip120
\localshorteditorwidth=\skip121
Package biblatex Info: Trying to load compatibility code...
Package biblatex Info: ... file 'blx-compat.def' found.
 (C:\Users\tgave\AppData\Local\Programs\MiKTeX\tex/latex/biblatex\blx-compat.def
File: blx-compat.def 2024/03/21 v3.20 biblatex compatibility (PK/MW)
)
Package biblatex Info: Trying to load BibTeX backend compatibility...
Package biblatex Info: ... file 'blx-bibtex.def' found.
 (C:\Users\tgave\AppData\Local\Programs\MiKTeX\tex/latex/biblatex\blx-bibtex.def
File: blx-bibtex.def 2024/03/21 v3.20 biblatex compatibility (PK/MW)


Package biblatex Warning: Using fall-back bibtex backend:
(biblatex)                functionality may be reduced/unavailable.

)
Package biblatex Info: Trying to load generic definitions...
Package biblatex Info: ... file 'biblatex.def' found.
 (C:\Users\tgave\AppData\Local\Programs\MiKTeX\tex/latex/biblatex\biblatex.def
File: biblatex.def 2024/03/21 v3.20 biblatex compatibility (PK/MW)
\c@textcitecount=\count557
\c@textcitetotal=\count558
\c@textcitemaxnames=\count559
\c@biburlbigbreakpenalty=\count560
\c@biburlbreakpenalty=\count561
\c@biburlnumpenalty=\count562
\c@biburlucpenalty=\count563
\c@biburllcpenalty=\count564
\biburlbigskip=\muskip19
\biburlnumskip=\muskip20
\biburlucskip=\muskip21
\biburllcskip=\muskip22
\c@smartand=\count565
)
Package biblatex Info: Trying to load natbib compatibility...
Package biblatex Info: ... file 'blx-natbib.def' found.
 (C:\Users\tgave\AppData\Local\Programs\MiKTeX\tex/latex/biblatex\blx-natbib.def
File: blx-natbib.def 2024/03/21 v3.20 biblatex compatibility (PK/MW)
Package biblatex Info: Delimiter 'nameyeardelim' in context '' already defined, overwriting.
)
Package biblatex Info: Trying to load bibliography style 'ieee'...
Package biblatex Info: ... file 'ieee.bbx' found.
 (C:\Users\tgave\AppData\Local\Programs\MiKTeX\tex/latex/biblatex-ieee\ieee.bbx
File: ieee.bbx 2025-03-14 v1.4e biblatex bibliography style
Package biblatex Info: Trying to load bibliography style 'numeric-comp'...
Package biblatex Info: ... file 'numeric-comp.bbx' found.
 (C:\Users\tgave\AppData\Local\Programs\MiKTeX\tex/latex/biblatex/bbx\numeric-comp.bbx
File: numeric-comp.bbx 2024/03/21 v3.20 biblatex bibliography style (PK/MW)
Package biblatex Info: Trying to load bibliography style 'numeric'...
Package biblatex Info: ... file 'numeric.bbx' found.
 (C:\Users\tgave\AppData\Local\Programs\MiKTeX\tex/latex/biblatex/bbx\numeric.bbx
File: numeric.bbx 2024/03/21 v3.20 biblatex bibliography style (PK/MW)
Package biblatex Info: Trying to load bibliography style 'standard'...
Package biblatex Info: ... file 'standard.bbx' found.
 (C:\Users\tgave\AppData\Local\Programs\MiKTeX\tex/latex/biblatex/bbx\standard.bbx
File: standard.bbx 2024/03/21 v3.20 biblatex bibliography style (PK/MW)
\c@bbx:relatedcount=\count566
\c@bbx:relatedtotal=\count567
)))

Package biblatex Warning: Macro 'volume+number' undefined.
(biblatex)                Using \newbibmacro.

)
Package biblatex Info: Trying to load citation style 'nature'...
Package biblatex Info: ... file 'nature.cbx' found.
 (C:\Users\tgave\AppData\Local\Programs\MiKTeX\tex/latex/biblatex-nature\nature.cbx
File: nature.cbx 2020/12/30 v1.3d biblatex citation style
Package biblatex Info: Trying to load citation style 'numeric-comp'...
Package biblatex Info: ... file 'numeric-comp.cbx' found.
 (C:\Users\tgave\AppData\Local\Programs\MiKTeX\tex/latex/biblatex/cbx\numeric-comp.cbx
File: numeric-comp.cbx 2024/03/21 v3.20 biblatex citation style (PK/MW)
\c@cbx@tempcnta=\count568
\c@cbx@tempcntb=\count569
\c@cbx@tempcntc=\count570
\c@cbx@tempcntd=\count571
Package biblatex Info: Redefining '\cite'.
Package biblatex Info: Redefining '\parencite'.
Package biblatex Info: Redefining '\footcite'.
Package biblatex Info: Redefining '\footcitetext'.
Package biblatex Info: Redefining '\smartcite'.
Package biblatex Info: Redefining '\supercite'.
Package biblatex Info: Redefining '\textcite'.
Package biblatex Info: Redefining '\textcites'.
Package biblatex Info: Redefining '\cites'.
Package biblatex Info: Redefining '\parencites'.
Package biblatex Info: Redefining '\smartcites'.
))
Package biblatex Info: Trying to load configuration file...
Package biblatex Info: ... file 'biblatex.cfg' found.
 (C:\Users\tgave\AppData\Local\Programs\MiKTeX\tex/latex/biblatex\biblatex.cfg
File: biblatex.cfg 
)
Package biblatex Info: Input encoding 'utf8' detected.
Package biblatex Info: Document encoding is UTF8 ....
Package biblatex Info: ... and expl3
(biblatex)             2025-01-18 L3 programming layer (loader) 
(biblatex)             is new enough (at least 2020/04/06),
(biblatex)             setting 'casechanger=expl3'.
 (C:\Users\tgave\AppData\Local\Programs\MiKTeX\tex/latex/biblatex\blx-case-expl3.sty (C:\Users\tgave\AppData\Local\Programs\MiKTeX\tex/latex/l3packages/xparse\xparse.sty
Package: xparse 2024-08-16 L3 Experimental document command parser
)
Package: blx-case-expl3 2024/03/21 v3.20 expl3 case changing code for biblatex
)) (C:\Users\tgave\AppData\Local\Programs\MiKTeX\tex/latex/tocbibind\tocbibind.sty
Package: tocbibind 2010/10/13 v1.5k extra ToC listings
Package tocbibind Info: The document has chapter divisions on input line 50.


Package tocbibind Note: Using chapter style headings, unless overridden.

)
\@appxcount=\count572
) (C:\Users\tgave\AppData\Local\Programs\MiKTeX\tex/latex/todonotes\todonotes.sty
Package: todonotes 2024/01/05 v1.1.7 Todonotes source and documentation.
Package: todonotes 2024/01/05


Package xcolor Warning: Package option `hyperref' is obsolete and ignored on input line 31.

(C:\Users\tgave\AppData\Local\Programs\MiKTeX\tex/generic/pgf/frontendlayer/tikz/libraries\tikzlibrarypositioning.code.tex
File: tikzlibrarypositioning.code.tex 2023-01-15 v3.1.10 (3.1.10)
)
\c@@todonotes@numberoftodonotes=\count573
) (sty/code.sty

LaTeX Warning: You have requested package `sty/code',
               but the package provides `code'.

Package: code 2018/03/03 v1 Base file of Helper package to develop presentations in beamer
(C:\Users\tgave\AppData\Local\Programs\MiKTeX\tex/latex/tcolorbox\tcolorbox.sty
Package: tcolorbox 2024/10/22 version 6.4.1 text color boxes
 (C:\Users\tgave\AppData\Local\Programs\MiKTeX\tex/latex/environ\environ.sty
Package: environ 2014/05/04 v0.3 A new way to define environments
 (C:\Users\tgave\AppData\Local\Programs\MiKTeX\tex/latex/trimspaces\trimspaces.sty
Package: trimspaces 2009/09/17 v1.1 Trim spaces around a token list
))
\tcb@titlebox=\box95
\tcb@upperbox=\box96
\tcb@lowerbox=\box97
\tcb@phantombox=\box98
\c@tcbbreakpart=\count574
\c@tcblayer=\count575
\c@tcolorbox@number=\count576
\l__tcobox_tmpa_box=\box99
\l__tcobox_tmpa_dim=\dimen376
\tcb@temp=\box100
\tcb@temp=\box101
\tcb@temp=\box102
\tcb@temp=\box103
) (C:\Users\tgave\AppData\Local\Programs\MiKTeX\tex/latex/listings\lstlang1.sty
File: lstlang1.sty 2024/09/23 1.10c listings language file
) (C:\Users\tgave\AppData\Local\Programs\MiKTeX\tex/latex/listings\lstlang2.sty
File: lstlang2.sty 2024/09/23 1.10c listings language file
) (C:\Users\tgave\AppData\Local\Programs\MiKTeX\tex/latex/listings\lstlang3.sty
File: lstlang3.sty 2024/09/23 1.10c listings language file
) (C:\Users\tgave\AppData\Local\Programs\MiKTeX\tex/latex/listings\lstlang1.sty
File: lstlang1.sty 2024/09/23 1.10c listings language file
) (C:\Users\tgave\AppData\Local\Programs\MiKTeX\tex/latex/listings\lstlang1.sty
File: lstlang1.sty 2024/09/23 1.10c listings language file
)) (sty/relationalAlgebra.sty) (personaldataofreport.tex)

Package hyperref Warning: Option `a4paper' is no longer used.

Package csquotes Info: Checking for multilingual support...
Package csquotes Info: ... found 'babel' package.
Package csquotes Info: Adjusting default style.
Package csquotes Info: Redefining alias 'default' -> 'english'.
LaTeX Font Info:    Trying to load font information for T1+ppl on input line 192.
(C:\Users\tgave\AppData\Local\Programs\MiKTeX\tex/latex/psnfss\t1ppl.fd
File: t1ppl.fd 2001/06/04 font definitions for T1/ppl.
)

LaTeX Warning: Unused global option(s):
    [listof].

(template.aux)
\openout1 = `template.aux'.

LaTeX Font Info:    Checking defaults for OML/txmi/m/it on input line 192.
LaTeX Font Info:    Trying to load font information for OML+txmi on input line 192.
 (C:\Users\tgave\AppData\Local\Programs\MiKTeX\tex/latex/txfonts\omltxmi.fd
File: omltxmi.fd 2000/12/15 v3.1
)
LaTeX Font Info:    ... okay on input line 192.
LaTeX Font Info:    Checking defaults for OMS/txsy/m/n on input line 192.
LaTeX Font Info:    Trying to load font information for OMS+txsy on input line 192.
 (C:\Users\tgave\AppData\Local\Programs\MiKTeX\tex/latex/txfonts\omstxsy.fd
File: omstxsy.fd 2000/12/15 v3.1
)
LaTeX Font Info:    ... okay on input line 192.
LaTeX Font Info:    Checking defaults for OT1/cmr/m/n on input line 192.
LaTeX Font Info:    ... okay on input line 192.
LaTeX Font Info:    Checking defaults for T1/cmr/m/n on input line 192.
LaTeX Font Info:    ... okay on input line 192.
LaTeX Font Info:    Checking defaults for TS1/cmr/m/n on input line 192.
LaTeX Font Info:    ... okay on input line 192.
LaTeX Font Info:    Checking defaults for OMX/txex/m/n on input line 192.
LaTeX Font Info:    Trying to load font information for OMX+txex on input line 192.
 (C:\Users\tgave\AppData\Local\Programs\MiKTeX\tex/latex/txfonts\omxtxex.fd
File: omxtxex.fd 2000/12/15 v3.1
)
LaTeX Font Info:    ... okay on input line 192.
LaTeX Font Info:    Checking defaults for U/mathx/m/n on input line 192.
LaTeX Font Info:    ... okay on input line 192.
LaTeX Font Info:    Checking defaults for PD1/pdf/m/n on input line 192.
LaTeX Font Info:    ... okay on input line 192.
LaTeX Font Info:    Checking defaults for PU/pdf/m/n on input line 192.
LaTeX Font Info:    ... okay on input line 192.
Package hyperref Info: Link coloring ON on input line 192.
 (template.out) (template.out)
\@outlinefile=\write6
\openout6 = `template.out'.


*geometry* driver: auto-detecting
*geometry* detected driver: pdftex
*geometry* verbose mode - [ preamble ] result:
* driver: pdftex
* paper: a4paper
* layout: <same size as paper>
* layoutoffset:(h,v)=(0.0pt,0.0pt)
* modes: twoside 
* h-part:(L,W,R)=(71.13188pt, 455.24411pt, 71.13188pt)
* v-part:(T,H,B)=(85.35826pt, 674.33032pt, 85.35826pt)
* \paperwidth=597.50787pt
* \paperheight=845.04684pt
* \textwidth=455.24411pt
* \textheight=674.33032pt
* \oddsidemargin=-1.1381pt
* \evensidemargin=-1.1381pt
* \topmargin=-16.97922pt
* \headheight=12.0pt
* \headsep=18.06749pt
* \topskip=10.0pt
* \footskip=25.29494pt
* \marginparwidth=42.67912pt
* \marginparsep=7.0pt
* \columnsep=10.0pt
* \skip\footins=9.0pt plus 4.0pt minus 2.0pt
* \hoffset=0.0pt
* \voffset=0.0pt
* \mag=1000
* \@twocolumnfalse
* \@twosidetrue
* \@mparswitchtrue
* \@reversemarginfalse
* (1in=72.27pt=25.4mm, 1cm=28.453pt)

LaTeX Info: Command `\dddot' is already robust on input line 192.
LaTeX Info: Command `\ddddot' is already robust on input line 192.
Package caption Info: Begin \AtBeginDocument code.
Package caption Info: float package is loaded.
Package caption Info: listings package is loaded.
Package caption Info: longtable package is loaded.
(C:\Users\tgave\AppData\Local\Programs\MiKTeX\tex/latex/caption\ltcaption.sty
Package: ltcaption 2021/01/08 v1.4c longtable captions (AR)
)
Package caption Info: rotating package is loaded.
Package caption Info: supertabular package is loaded.
Package caption Info: wrapfig package is loaded.
Package caption Info: End \AtBeginDocument code.
 (C:\Users\tgave\AppData\Local\Programs\MiKTeX\tex/context/base/mkii\supp-pdf.mkii
[Loading MPS to PDF converter (version 2006.09.02).]
\scratchcounter=\count577
\scratchdimen=\dimen377
\scratchbox=\box104
\nofMPsegments=\count578
\nofMParguments=\count579
\everyMPshowfont=\toks69
\MPscratchCnt=\count580
\MPscratchDim=\dimen378
\MPnumerator=\count581
\makeMPintoPDFobject=\count582
\everyMPtoPDFconversion=\toks70
) (C:\Users\tgave\AppData\Local\Programs\MiKTeX\tex/latex/epstopdf-pkg\epstopdf-base.sty
Package: epstopdf-base 2020-01-24 v2.11 Base part for package epstopdf
Package epstopdf-base Info: Redefining graphics rule for `.eps' on input line 485.
 (C:\Users\tgave\AppData\Local\Programs\MiKTeX\tex/latex/00miktex\epstopdf-sys.cfg
File: epstopdf-sys.cfg 2021/03/18 v2.0 Configuration of epstopdf for MiKTeX
))
\c@lstlisting=\count583
Package biblatex Info: Trying to load language 'english'...
Package biblatex Info: ... file 'english.lbx' found.
 (C:\Users\tgave\AppData\Local\Programs\MiKTeX\tex/latex/biblatex/lbx\english.lbx
File: english.lbx 2024/03/21 v3.20 biblatex localization (PK/MW)
)
Package biblatex Info: Trying to load language 'portuguese'...
Package biblatex Info: ... file 'portuguese.lbx' found.
 (C:\Users\tgave\AppData\Local\Programs\MiKTeX\tex/latex/biblatex/lbx\portuguese.lbx
File: portuguese.lbx 2024/03/21 v3.20 biblatex localization (PK/MW)
)
Package biblatex Info: Input encoding 'utf8' detected.
Package biblatex Info: Automatic encoding selection.
(biblatex)             Assuming data encoding 'utf8'.
Package biblatex Info: Input encoding 'utf8' detected.
Package biblatex Info: Data encoding 'utf8' specified.
(biblatex)             No need to reencode data.
\openout5 = `template-blx.bib'.

Package biblatex Info: Trying to load bibliographic data...
Package biblatex Info: ... file 'template.bbl' found.
 (template.bbl)
Package biblatex Info: Reference section=0 on input line 192.
Package biblatex Info: Reference segment=0 on input line 192.


Package todonotes Warning: The length marginparwidth is less than 2cm and will most likely cause issues with the appearance of inserted todonotes. The issue can be solved by adding a line like \setlength {\marginparwidth }{2cm} prior to loading the todonotes package. on input line 192.

*geometry* verbose mode - [ newgeometry ] result:
* driver: pdftex
* paper: a4paper
* layout: <same size as paper>
* layoutoffset:(h,v)=(0.0pt,0.0pt)
* modes: twoside 
* h-part:(L,W,R)=(56.9055pt, 483.69687pt, 56.9055pt)
* v-part:(T,H,B)=(14.22636pt, 816.59412pt, 14.22636pt)
* \paperwidth=597.50787pt
* \paperheight=845.04684pt
* \textwidth=483.69687pt
* \textheight=816.59412pt
* \oddsidemargin=-15.36449pt
* \evensidemargin=-15.36449pt
* \topmargin=-88.11111pt
* \headheight=12.0pt
* \headsep=18.06749pt
* \topskip=10.0pt
* \footskip=25.29494pt
* \marginparwidth=42.67912pt
* \marginparsep=7.0pt
* \columnsep=10.0pt
* \skip\footins=9.0pt plus 4.0pt minus 2.0pt
* \hoffset=0.0pt
* \voffset=0.0pt
* \mag=1000
* \@twocolumnfalse
* \@twosidetrue
* \@mparswitchtrue
* \@reversemarginfalse
* (1in=72.27pt=25.4mm, 1cm=28.453pt)

<Logo/logo_isel.png, id=70, 310.15875pt x 186.6975pt>
File: Logo/logo_isel.png Graphic file (type png)
<use Logo/logo_isel.png>
Package pdftex.def Info: Logo/logo_isel.png  used on input line 199.
(pdftex.def)             Requested size: 155.079pt x 93.34851pt.

Overfull \hbox (95.32457pt too wide) in paragraph at lines 199--199
 [][]
 []

LaTeX Font Info:    Trying to load font information for OT1+txr on input line 199.
(C:\Users\tgave\AppData\Local\Programs\MiKTeX\tex/latex/txfonts\ot1txr.fd
File: ot1txr.fd 2000/12/15 v3.1
)
LaTeX Font Info:    Trying to load font information for U+txmia on input line 199.
 (C:\Users\tgave\AppData\Local\Programs\MiKTeX\tex/latex/txfonts\utxmia.fd
File: utxmia.fd 2000/12/15 v3.1
)
LaTeX Font Info:    Trying to load font information for U+msa on input line 199.
 (C:\Users\tgave\AppData\Local\Programs\MiKTeX\tex/latex/amsfonts\umsa.fd
File: umsa.fd 2013/01/14 v3.01 AMS symbols A
)
LaTeX Font Info:    Trying to load font information for U+msb on input line 199.
 (C:\Users\tgave\AppData\Local\Programs\MiKTeX\tex/latex/amsfonts\umsb.fd
File: umsb.fd 2013/01/14 v3.01 AMS symbols B
)
LaTeX Font Info:    Trying to load font information for U+txsyc on input line 199.
 (C:\Users\tgave\AppData\Local\Programs\MiKTeX\tex/latex/txfonts\utxsyc.fd
File: utxsyc.fd 2000/12/15 v3.1
)
LaTeX Font Info:    Trying to load font information for U+txexa on input line 199.
 (C:\Users\tgave\AppData\Local\Programs\MiKTeX\tex/latex/txfonts\utxexa.fd
File: utxexa.fd 2000/12/15 v3.1
)
LaTeX Font Info:    Trying to load font information for T1+ptm on input line 199.
 (C:\Users\tgave\AppData\Local\Programs\MiKTeX\tex/latex/psnfss\t1ptm.fd
File: t1ptm.fd 2001/06/04 font definitions for T1/ptm.
)
LaTeX Font Info:    Calculating math sizes for size <13> on input line 199.


LaTeX Font Warning: Font shape `U/matha/m/n' in size <13> not available
(Font)              size <12> substituted on input line 199.


LaTeX Font Warning: Font shape `U/matha/m/n' in size <6.5> not available
(Font)              size <6> substituted on input line 199.


LaTeX Font Warning: Font shape `U/mathb/m/n' in size <13> not available
(Font)              size <12> substituted on input line 199.


LaTeX Font Warning: Font shape `U/mathb/m/n' in size <6.5> not available
(Font)              size <6> substituted on input line 199.


LaTeX Font Warning: Font shape `U/mathx/m/n' in size <13> not available
(Font)              size <12> substituted on input line 199.


LaTeX Font Warning: Font shape `U/mathx/m/n' in size <6.5> not available
(Font)              size <6> substituted on input line 199.

LaTeX Font Info:    Calculating math sizes for size <11> on input line 199.

LaTeX Font Warning: Font shape `U/matha/m/n' in size <5.5> not available
(Font)              size <5> substituted on input line 199.


LaTeX Font Warning: Font shape `U/mathb/m/n' in size <5.5> not available
(Font)              size <5> substituted on input line 199.


LaTeX Font Warning: Font shape `U/mathx/m/n' in size <5.5> not available
(Font)              size <5> substituted on input line 199.



[1



{C:/Users/tgave/AppData/Local/MiKTeX/fonts/map/pdftex/pdftex.map}{C:/Users/tgave/AppData/Local/Programs/MiKTeX/fonts/enc/dvips/base/8r.enc} <./Logo/logo_isel.png>]

[2


] (Chapters/resumo.tex) (Chapters/abstract.tex) (template.toc)
\tf@toc=\write7
\openout7 = `template.toc'.



[3

]

[4

]
\@myi=\count584
 (Chapters/chapter1.tex
Cap\'{\i }tulo 1.
) (Chapters/chapter2.tex

[1

]

[2

]
Cap\'{\i }tulo 2.
) (Chapters/chapter3.tex

[3]

[4

]
Cap\'{\i }tulo 3.

Package hyperref Warning: Difference (2) between bookmark levels is greater 
(hyperref)                than one, level fixed on input line 7.

) (Chapters/chapter4.tex) (Chapters/conclusion.tex

[5]

[6

]
Cap\'{\i }tulo 4.
)

[7]

[8

]

LaTeX Warning: Empty bibliography on input line 234.


Package glossaries Warning: No \printnoidxglossary or \printnoidxglossaries
 found. (Remove \makenoidxglossaries if you don't want any glossaries.)
This document will not have a glossary.

(template.aux)
 ***********
LaTeX2e <2024-11-01> patch level 2
L3 programming layer <2025-01-18>
 ***********


LaTeX Font Warning: Size substitutions with differences
(Font)              up to 1.0pt have occurred.

Package rerunfilecheck Info: File `template.out' has not changed.
(rerunfilecheck)             Checksum: 51F10B0A851999525273D198BBE95234;2605.
Package logreq Info: Writing requests to 'template.run.xml'.
\openout1 = `template.run.xml'.

 ) 
Here is how much of TeX's memory you used:
 49438 strings out of 473523
 968641 string characters out of 5714631
 1772056 words of memory out of 5000000
 71799 multiletter control sequences out of 15000+600000
 631687 words of font info for 183 fonts, out of 8000000 for 9000
 1142 hyphenation exceptions out of 8191
 99i,9n,101p,2537b,1967s stack positions out of 10000i,1000n,20000p,200000b,200000s
<C:/Users/tgave/AppData/Local/Programs/MiKTeX/fonts/type1/urw/palatino/uplb8a.pfb><C:/Users/tgave/AppData/Local/Programs/MiKTeX/fonts/type1/urw/palatino/uplr8a.pfb><C:/Users/tgave/AppData/Local/Programs/MiKTeX/fonts/type1/urw/times/utmb8a.pfb><C:/Users/tgave/AppData/Local/Programs/MiKTeX/fonts/type1/urw/times/utmr8a.pfb>
Output written on template.pdf (12 pages, 98396 bytes).
PDF statistics:
 172 PDF objects out of 1000 (max. 8388607)
 31 named destinations out of 1000 (max. 500000)
 146 words of extra memory for PDF output out of 10000 (max. 10000000)

